<?xml version = '1.0' encoding = 'UTF-8'?>
<FKIndexAssociation class="oracle.dbtools.crest.model.design.relational.FKIndexAssociation" directorySegmentName="seg_0" id="022193EF-83A5-2C11-F960-529B676530A3" containerWithKeyObject="12E4D310-94F6-89F3-5507-CBED75F33395" localFKIndex="D816D2BF-0653-3DFB-1954-1A6179A9352F" name="Lin_inv_Post_FK">
<createdBy>Pato</createdBy>
<createdTime>2021-05-15 18:40:27 UTC</createdTime>
<generatorID>ECC05C98-2545-03F7-C23F-6CED9A514B5A</generatorID>
<ownerDesignName>proyecto-semestra-pbd</ownerDesignName>
<referredTableLongName>Postulantes</referredTableLongName>
<deleteRule>NO ACTION</deleteRule>
<referredTableID>B58998DB-54DE-9C77-DB3E-D82015C1466B</referredTableID>
<keyObject>0802A0DF-8993-AEBA-2159-061215054798</keyObject>
<referredKeyID>0802A0DF-8993-AEBA-2159-061215054798</referredKeyID>
<mandatory>true</mandatory>
<refColNames>id</refColNames>
<transferable>true</transferable>
<rely>false</rely>
<columnDependencyConstraintGenerateInDDL>true</columnDependencyConstraintGenerateInDDL>
</FKIndexAssociation>
