<?xml version = '1.0' encoding = 'UTF-8'?>
<FKIndexAssociation class="oracle.dbtools.crest.model.design.relational.FKIndexAssociation" directorySegmentName="seg_0" id="05D0DF3F-029B-28EA-9A5B-6F33627DD923" containerWithKeyObject="FB86818B-0949-9794-576B-61B35F012A5F" localFKIndex="92AC80FA-413A-7B2F-CD74-031C024C7C20" name="Documentos_Postulantes_FK">
<createdBy>Pato</createdBy>
<createdTime>2021-05-15 18:40:27 UTC</createdTime>
<generatorID>A307269D-BD67-8804-B13E-720ADF98D821</generatorID>
<ownerDesignName>proyecto-semestra-pbd</ownerDesignName>
<referredTableLongName>Postulantes</referredTableLongName>
<deleteRule>NO ACTION</deleteRule>
<referredTableID>B58998DB-54DE-9C77-DB3E-D82015C1466B</referredTableID>
<keyObject>0802A0DF-8993-AEBA-2159-061215054798</keyObject>
<referredKeyID>0802A0DF-8993-AEBA-2159-061215054798</referredKeyID>
<mandatory>true</mandatory>
<refColNames>id</refColNames>
<transferable>true</transferable>
<rely>false</rely>
<columnDependencyConstraintGenerateInDDL>true</columnDependencyConstraintGenerateInDDL>
</FKIndexAssociation>
