<?xml version = '1.0' encoding = 'UTF-8'?>
<FKIndexAssociation class="oracle.dbtools.crest.model.design.relational.FKIndexAssociation" directorySegmentName="seg_0" id="5E8D4CC3-7CC7-7D16-D8DC-76C80CD951B0" containerWithKeyObject="58A7458E-DAFA-EB52-41BA-FF82D2001FBD" localFKIndex="C2ADC613-E90B-07A2-F393-D9D3ED665526" name="Exp_laborales_Post_FK">
<createdBy>Pato</createdBy>
<createdTime>2021-05-15 18:40:27 UTC</createdTime>
<generatorID>04A49D93-CD1A-1F11-4804-7B47697CDA5E</generatorID>
<ownerDesignName>proyecto-semestra-pbd</ownerDesignName>
<referredTableLongName>Postulantes</referredTableLongName>
<deleteRule>NO ACTION</deleteRule>
<referredTableID>B58998DB-54DE-9C77-DB3E-D82015C1466B</referredTableID>
<keyObject>0802A0DF-8993-AEBA-2159-061215054798</keyObject>
<referredKeyID>0802A0DF-8993-AEBA-2159-061215054798</referredKeyID>
<mandatory>true</mandatory>
<refColNames>id</refColNames>
<transferable>true</transferable>
<rely>false</rely>
<columnDependencyConstraintGenerateInDDL>true</columnDependencyConstraintGenerateInDDL>
</FKIndexAssociation>
