<?xml version = '1.0' encoding = 'UTF-8'?>
<FKIndexAssociation class="oracle.dbtools.crest.model.design.relational.FKIndexAssociation" directorySegmentName="seg_0" id="8429D123-845D-2039-8DB4-3EEFE05E62DA" containerWithKeyObject="007143DF-CF1E-29D9-3A6E-00A44E39A846" localFKIndex="D6C2341E-EE76-66A7-D934-6294169F7630" name="estudios_Tipo_Est_FK">
<createdBy>Pato</createdBy>
<createdTime>2021-05-15 18:40:27 UTC</createdTime>
<generatorID>66EFEBD2-205B-F971-DEB5-56DA90DAB4FA</generatorID>
<ownerDesignName>proyecto-semestra-pbd</ownerDesignName>
<referredTableLongName>Tipo_Establecimiento</referredTableLongName>
<deleteRule>NO ACTION</deleteRule>
<referredTableID>AC2E0FF2-F31B-919A-48B9-CB73BBAC8855</referredTableID>
<keyObject>8A2D328C-C70E-6321-795F-130F88B7B7DA</keyObject>
<referredKeyID>8A2D328C-C70E-6321-795F-130F88B7B7DA</referredKeyID>
<mandatory>true</mandatory>
<refColNames>id</refColNames>
<transferable>true</transferable>
<rely>false</rely>
<columnDependencyConstraintGenerateInDDL>true</columnDependencyConstraintGenerateInDDL>
</FKIndexAssociation>
