<?xml version = '1.0' encoding = 'UTF-8'?>
<FKIndexAssociation class="oracle.dbtools.crest.model.design.relational.FKIndexAssociation" directorySegmentName="seg_0" id="EB0FF5F0-C3F8-9D38-08D5-929FA529F1CE" containerWithKeyObject="007143DF-CF1E-29D9-3A6E-00A44E39A846" localFKIndex="8662E06B-91D3-DDD6-7812-208CE91C7EEF" name="estudios_Postulantes_FK">
<createdBy>Pato</createdBy>
<createdTime>2021-05-15 18:40:27 UTC</createdTime>
<generatorID>A93C489A-AFFB-41E0-EBEA-3A741005A5DB</generatorID>
<ownerDesignName>proyecto-semestra-pbd</ownerDesignName>
<referredTableLongName>Postulantes</referredTableLongName>
<deleteRule>NO ACTION</deleteRule>
<referredTableID>B58998DB-54DE-9C77-DB3E-D82015C1466B</referredTableID>
<keyObject>0802A0DF-8993-AEBA-2159-061215054798</keyObject>
<referredKeyID>0802A0DF-8993-AEBA-2159-061215054798</referredKeyID>
<mandatory>true</mandatory>
<refColNames>id</refColNames>
<transferable>true</transferable>
<rely>false</rely>
<columnDependencyConstraintGenerateInDDL>true</columnDependencyConstraintGenerateInDDL>
</FKIndexAssociation>
