<?xml version = '1.0' encoding = 'UTF-8'?>
<relationalModel class="oracle.dbtools.crest.model.design.relational.RelationalDesign" name="Relational_1" id="42384067-412E-85A9-7517-AF1255212622" mainViewID="A4E8057D-A098-8516-090D-88F27513C833">
<createdBy>Pato</createdBy>
<createdTime>2021-05-12 00:33:21 UTC</createdTime>
<ownerDesignName>proyecto-semestra-pbd</ownerDesignName>
<shouldBeOpen>false</shouldBeOpen>
<selectedRDBMSSite>32076570-2523-435C-2E92-BF29817DFF70</selectedRDBMSSite>
</relationalModel>