<?xml version = '1.0' encoding = 'UTF-8'?>
<Relation class="oracle.dbtools.crest.model.design.logical.Relation" name="Relation_44" directorySegmentName="seg_0" id="081F9AB0-D566-118A-6323-41B0B08344DF">
<createdBy>Pato</createdBy>
<createdTime>2021-05-15 18:15:59 UTC</createdTime>
<ownerDesignName>proyecto-semestra-pbd</ownerDesignName>
<engineerTo>
<item key="42384067-412E-85A9-7517-AF1255212622" value="true"/>
</engineerTo>
<sourcePk>4EE06D5B-317C-FC2E-9115-F1025E1FEAB3</sourcePk>
<identifying>false</identifying>
<optionalSource>false</optionalSource>
<optionalTarget>false</optionalTarget>
<sourceCardinality>1</sourceCardinality>
<sourceEntity>40A0D03C-1533-4289-9AEE-CCDBF9C9152C</sourceEntity>
<targetCardinalityString>*</targetCardinalityString>
<targetEntity>0649A4E8-9577-E98E-6C03-7230C60E180D</targetEntity>
<transferable>true</transferable>
<deleteRule>NO ACTION</deleteRule>
</Relation>
