<?xml version = '1.0' encoding = 'UTF-8'?>
<Relation class="oracle.dbtools.crest.model.design.logical.Relation" name="Relation_27" directorySegmentName="seg_0" id="0DB06941-C44D-F71E-1E83-CCE165457603">
<createdBy>Pato</createdBy>
<createdTime>2021-05-15 17:16:57 UTC</createdTime>
<ownerDesignName>proyecto-semestra-pbd</ownerDesignName>
<engineerTo>
<item key="42384067-412E-85A9-7517-AF1255212622" value="true"/>
</engineerTo>
<sourcePk>B323FB71-A9DE-70B4-487A-394A6B4B03E3</sourcePk>
<identifying>false</identifying>
<optionalSource>false</optionalSource>
<optionalTarget>false</optionalTarget>
<sourceCardinality>1</sourceCardinality>
<sourceEntity>76F06E26-F8AF-4679-07E8-B898CE87FE3C</sourceEntity>
<targetCardinalityString>*</targetCardinalityString>
<targetEntity>32ABFCE2-A735-2D75-9A70-D1E0A86DD987</targetEntity>
<transferable>true</transferable>
<deleteRule>NO ACTION</deleteRule>
</Relation>
