<?xml version = '1.0' encoding = 'UTF-8'?>
<Relation class="oracle.dbtools.crest.model.design.logical.Relation" name="Relation_21" directorySegmentName="seg_0" id="23D22A52-0C0E-7A13-099B-442061518B70">
<createdBy>Pato</createdBy>
<createdTime>2021-05-15 16:53:37 UTC</createdTime>
<ownerDesignName>proyecto-semestra-pbd</ownerDesignName>
<engineerTo>
<item key="42384067-412E-85A9-7517-AF1255212622" value="true"/>
</engineerTo>
<sourcePk>C7B4AABC-8E77-5B8E-72AD-BFA2A8955DF7</sourcePk>
<identifying>false</identifying>
<optionalSource>false</optionalSource>
<optionalTarget>false</optionalTarget>
<sourceCardinality>1</sourceCardinality>
<sourceEntity>822E5849-DA11-6D5F-6BC9-0D37B7E5EA0E</sourceEntity>
<targetCardinalityString>*</targetCardinalityString>
<targetEntity>BBC1D6AC-EC49-079F-C74D-02611184963F</targetEntity>
<transferable>true</transferable>
<deleteRule>NO ACTION</deleteRule>
</Relation>
