<?xml version = '1.0' encoding = 'UTF-8'?>
<Relation class="oracle.dbtools.crest.model.design.logical.Relation" name="Relation_9" directorySegmentName="seg_0" id="290C11BD-3156-C99D-5C24-CF1F4686B225">
<createdBy>Pato</createdBy>
<createdTime>2021-05-12 01:21:32 UTC</createdTime>
<ownerDesignName>proyecto-semestra-pbd</ownerDesignName>
<engineerTo>
<item key="42384067-412E-85A9-7517-AF1255212622" value="true"/>
</engineerTo>
<sourcePk>2C5DEECD-6F67-0481-9879-B2E944D3F3C9</sourcePk>
<identifying>false</identifying>
<optionalSource>true</optionalSource>
<optionalTarget>true</optionalTarget>
<sourceCardinality>1</sourceCardinality>
<sourceEntity>B8032DF4-5C2E-8E64-350E-7C73CCBE784B</sourceEntity>
<targetCardinalityString>*</targetCardinalityString>
<targetEntity>76F06E26-F8AF-4679-07E8-B898CE87FE3C</targetEntity>
<transferable>true</transferable>
<deleteRule>NO ACTION</deleteRule>
</Relation>
