<?xml version = '1.0' encoding = 'UTF-8'?>
<Relation class="oracle.dbtools.crest.model.design.logical.Relation" name="Relation_7" directorySegmentName="seg_0" id="3B0E29C8-BD8D-5B48-C5D5-D85F39511108">
<createdBy>Pato</createdBy>
<createdTime>2021-05-12 01:16:27 UTC</createdTime>
<ownerDesignName>proyecto-semestra-pbd</ownerDesignName>
<engineerTo>
<item key="42384067-412E-85A9-7517-AF1255212622" value="true"/>
</engineerTo>
<sourcePk>57D9E521-086D-25E6-7658-FA5B6F7D7FB5</sourcePk>
<identifying>false</identifying>
<optionalSource>false</optionalSource>
<optionalTarget>false</optionalTarget>
<sourceCardinality>1</sourceCardinality>
<sourceEntity>A86C695F-5935-0760-BA05-F427EF160770</sourceEntity>
<targetCardinalityString>*</targetCardinalityString>
<targetEntity>9C8AC3C8-9071-571A-8447-026A2AF7AAD6</targetEntity>
<transferable>true</transferable>
<deleteRule>NO ACTION</deleteRule>
</Relation>
