<?xml version = '1.0' encoding = 'UTF-8'?>
<Relation class="oracle.dbtools.crest.model.design.logical.Relation" name="Relation_18" directorySegmentName="seg_0" id="4F5BD126-B77A-C7D8-07C1-BE084DE82435">
<createdBy>Pato</createdBy>
<createdTime>2021-05-15 16:49:42 UTC</createdTime>
<ownerDesignName>proyecto-semestra-pbd</ownerDesignName>
<engineerTo>
<item key="42384067-412E-85A9-7517-AF1255212622" value="true"/>
</engineerTo>
<sourcePk>4EE06D5B-317C-FC2E-9115-F1025E1FEAB3</sourcePk>
<identifying>false</identifying>
<nameOnTarget>id_pais_estudio</nameOnTarget>
<optionalSource>false</optionalSource>
<optionalTarget>false</optionalTarget>
<sourceCardinality>1</sourceCardinality>
<sourceEntity>40A0D03C-1533-4289-9AEE-CCDBF9C9152C</sourceEntity>
<targetCardinalityString>*</targetCardinalityString>
<targetEntity>BBC1D6AC-EC49-079F-C74D-02611184963F</targetEntity>
<transferable>true</transferable>
<deleteRule>NO ACTION</deleteRule>
</Relation>
