<?xml version = '1.0' encoding = 'UTF-8'?>
<Relation class="oracle.dbtools.crest.model.design.logical.Relation" name="Relation_5" directorySegmentName="seg_0" id="642D3C26-6E39-EF13-56F1-91C5C04B6721">
<createdBy>Pato</createdBy>
<createdTime>2021-05-12 01:12:39 UTC</createdTime>
<ownerDesignName>proyecto-semestra-pbd</ownerDesignName>
<engineerTo>
<item key="42384067-412E-85A9-7517-AF1255212622" value="true"/>
</engineerTo>
<sourcePk>540B0056-FFFC-6C12-1B7C-471989F10FC3</sourcePk>
<identifying>false</identifying>
<optionalSource>true</optionalSource>
<optionalTarget>false</optionalTarget>
<sourceCardinality>1</sourceCardinality>
<sourceEntity>A82443DF-69F9-1356-064A-A67A440AB86C</sourceEntity>
<targetCardinalityString>*</targetCardinalityString>
<targetEntity>A86C695F-5935-0760-BA05-F427EF160770</targetEntity>
<transferable>true</transferable>
<deleteRule>NO ACTION</deleteRule>
</Relation>
