<?xml version = '1.0' encoding = 'UTF-8'?>
<Relation class="oracle.dbtools.crest.model.design.logical.Relation" name="Relation_19" directorySegmentName="seg_0" id="67D9D31B-0E05-457A-45DB-4C3C060362F0">
<createdBy>Pato</createdBy>
<createdTime>2021-05-15 16:51:38 UTC</createdTime>
<ownerDesignName>proyecto-semestra-pbd</ownerDesignName>
<engineerTo>
<item key="42384067-412E-85A9-7517-AF1255212622" value="true"/>
</engineerTo>
<sourcePk>E6E8E5EA-7011-29C3-33B9-C34DAD09E024</sourcePk>
<identifying>false</identifying>
<optionalSource>false</optionalSource>
<optionalTarget>false</optionalTarget>
<sourceCardinality>1</sourceCardinality>
<sourceEntity>D16B7CCE-A38C-B6C1-8328-F9CA11CAF406</sourceEntity>
<targetCardinalityString>*</targetCardinalityString>
<targetEntity>BBC1D6AC-EC49-079F-C74D-02611184963F</targetEntity>
<transferable>true</transferable>
<deleteRule>NO ACTION</deleteRule>
</Relation>
