<?xml version = '1.0' encoding = 'UTF-8'?>
<Relation class="oracle.dbtools.crest.model.design.logical.Relation" name="Relation_32" directorySegmentName="seg_0" id="93D23B8C-8E5E-5B69-3594-0B3B91C4958F">
<createdBy>Pato</createdBy>
<createdTime>2021-05-15 17:29:12 UTC</createdTime>
<ownerDesignName>proyecto-semestra-pbd</ownerDesignName>
<engineerTo>
<item key="42384067-412E-85A9-7517-AF1255212622" value="true"/>
</engineerTo>
<sourcePk>B323FB71-A9DE-70B4-487A-394A6B4B03E3</sourcePk>
<identifying>false</identifying>
<optionalSource>false</optionalSource>
<optionalTarget>false</optionalTarget>
<sourceCardinality>1</sourceCardinality>
<sourceEntity>76F06E26-F8AF-4679-07E8-B898CE87FE3C</sourceEntity>
<targetCardinalityString>*</targetCardinalityString>
<targetEntity>D4C46F4A-F6E4-EE61-0F37-65F04F7779B7</targetEntity>
<transferable>true</transferable>
<deleteRule>NO ACTION</deleteRule>
</Relation>
