<?xml version = '1.0' encoding = 'UTF-8'?>
<Relation class="oracle.dbtools.crest.model.design.logical.Relation" name="Relation_46" directorySegmentName="seg_0" id="C57DC65F-651A-CB33-F7DE-75D301283FB9">
<createdBy>Pato</createdBy>
<createdTime>2021-05-15 18:16:55 UTC</createdTime>
<ownerDesignName>proyecto-semestra-pbd</ownerDesignName>
<engineerTo>
<item key="42384067-412E-85A9-7517-AF1255212622" value="true"/>
</engineerTo>
<sourcePk>C6A642E0-71CA-CC88-4527-EF4575420874</sourcePk>
<identifying>false</identifying>
<optionalSource>false</optionalSource>
<optionalTarget>false</optionalTarget>
<sourceCardinality>1</sourceCardinality>
<sourceEntity>AD90547A-78EF-2E90-43A5-F61E98005BDD</sourceEntity>
<targetCardinalityString>*</targetCardinalityString>
<targetEntity>8B63BC88-02D2-1C9E-4328-4E2577A160BC</targetEntity>
<transferable>true</transferable>
<deleteRule>NO ACTION</deleteRule>
</Relation>
