<?xml version = '1.0' encoding = 'UTF-8'?>
<Relation class="oracle.dbtools.crest.model.design.logical.Relation" name="Relation_35" directorySegmentName="seg_0" id="CA5AD1AD-F0AD-9A7B-ACB0-316A29964756">
<createdBy>Pato</createdBy>
<createdTime>2021-05-15 18:01:17 UTC</createdTime>
<ownerDesignName>proyecto-semestra-pbd</ownerDesignName>
<engineerTo>
<item key="42384067-412E-85A9-7517-AF1255212622" value="true"/>
</engineerTo>
<sourcePk>41940005-67AC-504A-F9D7-ECF2FB05EA25</sourcePk>
<identifying>false</identifying>
<optionalSource>false</optionalSource>
<optionalTarget>false</optionalTarget>
<sourceCardinality>1</sourceCardinality>
<sourceEntity>0D11F998-32FD-4708-2C81-F6FE98B7EB7A</sourceEntity>
<targetCardinalityString>*</targetCardinalityString>
<targetEntity>56599147-E7BE-493E-0BEF-B519EAC648B6</targetEntity>
<transferable>true</transferable>
<deleteRule>NO ACTION</deleteRule>
</Relation>
