<?xml version = '1.0' encoding = 'UTF-8'?>
<Relation class="oracle.dbtools.crest.model.design.logical.Relation" name="Relation_15" directorySegmentName="seg_0" id="CE3DBFDE-2B4C-009C-CD73-A0537FEF70AB">
<createdBy>Pato</createdBy>
<createdTime>2021-05-15 16:36:34 UTC</createdTime>
<ownerDesignName>proyecto-semestra-pbd</ownerDesignName>
<engineerTo>
<item key="42384067-412E-85A9-7517-AF1255212622" value="true"/>
</engineerTo>
<sourcePk>B323FB71-A9DE-70B4-487A-394A6B4B03E3</sourcePk>
<identifying>false</identifying>
<optionalSource>false</optionalSource>
<optionalTarget>false</optionalTarget>
<sourceCardinality>1</sourceCardinality>
<sourceEntity>76F06E26-F8AF-4679-07E8-B898CE87FE3C</sourceEntity>
<targetCardinalityString>*</targetCardinalityString>
<targetEntity>7FE5B16E-206D-BF9B-6C52-7818D2ECACD5</targetEntity>
<transferable>true</transferable>
<deleteRule>NO ACTION</deleteRule>
</Relation>
