<?xml version = '1.0' encoding = 'UTF-8'?>
<Table class="oracle.dbtools.crest.model.design.relational.Table" directorySegmentName="seg_0" id="12E4D310-94F6-89F3-5507-CBED75F33395" name="Lineas_investigacion">
<createdBy>Pato</createdBy>
<createdTime>2021-05-15 18:40:27 UTC</createdTime>
<generatorID>9813663E-D4C2-7A50-34F1-67A523D22E58</generatorID>
<ownerDesignName>proyecto-semestra-pbd</ownerDesignName>
<allowColumnReorder>false</allowColumnReorder>
<existDependencyGenerateInDDl>true</existDependencyGenerateInDDl>
<parsed>true</parsed>
<columns itemClass="oracle.dbtools.crest.model.design.relational.Column">
<Column name="id" id="D0717089-AB27-79A9-69ED-722CDC2FB1CA">
<createdBy>Pato</createdBy>
<createdTime>2021-05-15 18:40:27 UTC</createdTime>
<generatorID>D1188F78-7372-72E6-2118-D06237907126</generatorID>
<ownerDesignName>proyecto-semestra-pbd</ownerDesignName>
<useDomainConstraints>false</useDomainConstraints>
<use>1</use>
<logicalDatatype>LOGDT011</logicalDatatype>
<ownDataTypeParameters>,,</ownDataTypeParameters>
<autoIncrementCycle>false</autoIncrementCycle>
</Column>
<Column name="linea_investigacion_1" id="034B0E3A-9B44-9104-834F-AA9D6BE1333D">
<createdBy>Pato</createdBy>
<createdTime>2021-05-15 18:40:27 UTC</createdTime>
<generatorID>4E3AED90-C929-0066-8911-573CF2B99481</generatorID>
<ownerDesignName>proyecto-semestra-pbd</ownerDesignName>
<useDomainConstraints>false</useDomainConstraints>
<use>1</use>
<logicalDatatype>LOGDT024</logicalDatatype>
<dataTypeSize>50</dataTypeSize>
<ownDataTypeParameters>50,,</ownDataTypeParameters>
<autoIncrementCycle>false</autoIncrementCycle>
</Column>
<Column name="linea_investigacion_2" id="6286CAEA-BBB6-6F88-2F29-8DBCB9703A8F">
<createdBy>Pato</createdBy>
<createdTime>2021-05-15 18:40:27 UTC</createdTime>
<generatorID>A7104D72-D8BB-E219-77AC-A88F098B3EB0</generatorID>
<ownerDesignName>proyecto-semestra-pbd</ownerDesignName>
<nullsAllowed>true</nullsAllowed>
<useDomainConstraints>false</useDomainConstraints>
<use>1</use>
<logicalDatatype>LOGDT024</logicalDatatype>
<dataTypeSize>50</dataTypeSize>
<ownDataTypeParameters>50,,</ownDataTypeParameters>
<autoIncrementCycle>false</autoIncrementCycle>
</Column>
<Column name="linea_investigacion_3" id="5F6B9672-F3E4-8ABC-689E-9104348A8A8E">
<createdBy>Pato</createdBy>
<createdTime>2021-05-15 18:40:27 UTC</createdTime>
<generatorID>C58FEDCC-D49C-B8A9-E3D2-C88384AA7885</generatorID>
<ownerDesignName>proyecto-semestra-pbd</ownerDesignName>
<nullsAllowed>true</nullsAllowed>
<useDomainConstraints>false</useDomainConstraints>
<use>1</use>
<logicalDatatype>LOGDT024</logicalDatatype>
<dataTypeSize>50</dataTypeSize>
<ownDataTypeParameters>50,,</ownDataTypeParameters>
<autoIncrementCycle>false</autoIncrementCycle>
</Column>
<Column name="disciplina_principal" id="A645A39B-8FCB-EBDB-2F54-9EC1F4BFB0D1">
<createdBy>Pato</createdBy>
<createdTime>2021-05-15 18:40:27 UTC</createdTime>
<generatorID>26D71D23-58AA-D722-1A8B-F85FFAE23F47</generatorID>
<ownerDesignName>proyecto-semestra-pbd</ownerDesignName>
<useDomainConstraints>false</useDomainConstraints>
<use>1</use>
<logicalDatatype>LOGDT040</logicalDatatype>
<ownDataTypeParameters>,,</ownDataTypeParameters>
<autoIncrementCycle>false</autoIncrementCycle>
</Column>
<Column name="Postulantes_id" id="84246559-BDF1-85F6-4A5A-CEBBA1E8BB4C">
<createdBy>Pato</createdBy>
<createdTime>2021-05-15 18:40:27 UTC</createdTime>
<generatorID>70E8A595-4E5C-8E07-7CBD-E0B72951DD5A</generatorID>
<ownerDesignName>proyecto-semestra-pbd</ownerDesignName>
<useDomainConstraints>false</useDomainConstraints>
<use>1</use>
<logicalDatatype>LOGDT011</logicalDatatype>
<ownDataTypeParameters>,,</ownDataTypeParameters>
<previousColumn>false</previousColumn>
<autoIncrementCycle>false</autoIncrementCycle>
<associations>
<colAssociation fkAssociation="022193EF-83A5-2C11-F960-529B676530A3" referredColumn="13A5E991-01A2-C6D7-F1C6-9BBA0673129D"/>
</associations>
</Column>
</columns>
<indexes itemClass="oracle.dbtools.crest.model.design.relational.Index">
<ind_PK_UK id="00E82215-5D1C-178B-04A9-2A2F06D7724F" name="Lineas_investigacion_PK">
<createdBy>Pato</createdBy>
<createdTime>2021-05-15 18:40:27 UTC</createdTime>
<generatorID>197D6AD0-EE1F-DE55-C9B8-C76E46AFE2F0</generatorID>
<ownerDesignName>proyecto-semestra-pbd</ownerDesignName>
<pk>true</pk>
<indexState>Primary Constraint</indexState>
<isSurrogateKey>false</isSurrogateKey>
<indexColumnUsage>
<colUsage columnID="D0717089-AB27-79A9-69ED-722CDC2FB1CA"/>
</indexColumnUsage>
</ind_PK_UK>
<ind_PK_UK id="D816D2BF-0653-3DFB-1954-1A6179A9352F" name="Lin_inv_Post_FK">
<createdBy>Pato</createdBy>
<createdTime>2021-05-15 18:40:27 UTC</createdTime>
<generatorID>ECC05C98-2545-03F7-C23F-6CED9A514B5A</generatorID>
<ownerDesignName>proyecto-semestra-pbd</ownerDesignName>
<indexState>Foreign Key</indexState>
<isSurrogateKey>false</isSurrogateKey>
<indexColumnUsage>
<colUsage columnID="84246559-BDF1-85F6-4A5A-CEBBA1E8BB4C"/>
</indexColumnUsage>
</ind_PK_UK>
</indexes>
</Table>
