<?xml version = '1.0' encoding = 'UTF-8'?>
<Table class="oracle.dbtools.crest.model.design.relational.Table" directorySegmentName="seg_0" id="1C5FBA45-A29F-77E8-9D82-55E1E2FBF314" name="Titulos_superiores">
<createdBy>Pato</createdBy>
<createdTime>2021-05-15 18:40:27 UTC</createdTime>
<generatorID>7FE5B16E-206D-BF9B-6C52-7818D2ECACD5</generatorID>
<ownerDesignName>proyecto-semestra-pbd</ownerDesignName>
<allowColumnReorder>false</allowColumnReorder>
<existDependencyGenerateInDDl>true</existDependencyGenerateInDDl>
<parsed>true</parsed>
<columns itemClass="oracle.dbtools.crest.model.design.relational.Column">
<Column name="id" id="3F604DE3-0980-9DE3-E2EF-11039BE1B4A1">
<createdBy>Pato</createdBy>
<createdTime>2021-05-15 18:40:27 UTC</createdTime>
<generatorID>57A024EC-499A-0D20-2A96-2836A8A09329</generatorID>
<ownerDesignName>proyecto-semestra-pbd</ownerDesignName>
<useDomainConstraints>false</useDomainConstraints>
<use>1</use>
<logicalDatatype>LOGDT011</logicalDatatype>
<ownDataTypeParameters>,,</ownDataTypeParameters>
<autoIncrementCycle>false</autoIncrementCycle>
</Column>
<Column name="tipo_estudio" id="2E98D7FE-E52D-35CD-4680-10BC4183E6B6">
<createdBy>Pato</createdBy>
<createdTime>2021-05-15 18:40:27 UTC</createdTime>
<generatorID>CAA58331-711F-3F70-BA2A-3EC188621D57</generatorID>
<ownerDesignName>proyecto-semestra-pbd</ownerDesignName>
<useDomainConstraints>false</useDomainConstraints>
<use>1</use>
<logicalDatatype>LOGDT024</logicalDatatype>
<dataTypeSize>50</dataTypeSize>
<ownDataTypeParameters>50,,</ownDataTypeParameters>
<autoIncrementCycle>false</autoIncrementCycle>
</Column>
<Column name="institucion" id="8D10A3D9-CF70-7E0B-F0D6-40F3070239EC">
<createdBy>Pato</createdBy>
<createdTime>2021-05-15 18:40:27 UTC</createdTime>
<generatorID>A73CE540-1FB0-1E4E-D58A-3ABFF08F45A0</generatorID>
<ownerDesignName>proyecto-semestra-pbd</ownerDesignName>
<useDomainConstraints>false</useDomainConstraints>
<use>1</use>
<logicalDatatype>LOGDT024</logicalDatatype>
<dataTypeSize>100</dataTypeSize>
<ownDataTypeParameters>100,,</ownDataTypeParameters>
<autoIncrementCycle>false</autoIncrementCycle>
</Column>
<Column name="curso" id="DFF3274A-CDCD-3DAE-D9AF-7C9146FFE80C">
<createdBy>Pato</createdBy>
<createdTime>2021-05-15 18:40:27 UTC</createdTime>
<generatorID>69D2F255-1960-960A-102D-F805199081A8</generatorID>
<ownerDesignName>proyecto-semestra-pbd</ownerDesignName>
<useDomainConstraints>false</useDomainConstraints>
<use>1</use>
<logicalDatatype>LOGDT024</logicalDatatype>
<dataTypeSize>100</dataTypeSize>
<ownDataTypeParameters>100,,</ownDataTypeParameters>
<autoIncrementCycle>false</autoIncrementCycle>
</Column>
<Column name="fecha_obtencion" id="AA9BFE46-AC17-1B50-D585-5615F2E44BF4">
<createdBy>Pato</createdBy>
<createdTime>2021-05-15 18:40:27 UTC</createdTime>
<generatorID>772828A6-D544-DE3D-757F-FA8203D777D8</generatorID>
<ownerDesignName>proyecto-semestra-pbd</ownerDesignName>
<useDomainConstraints>false</useDomainConstraints>
<use>1</use>
<logicalDatatype>LOGDT007</logicalDatatype>
<ownDataTypeParameters>,,</ownDataTypeParameters>
<autoIncrementCycle>false</autoIncrementCycle>
</Column>
<Column name="Tipos_Titulo_id" id="7510AE1B-C713-5554-6960-E010A8B820BD">
<createdBy>Pato</createdBy>
<createdTime>2021-05-15 18:40:27 UTC</createdTime>
<generatorID>B099692E-DCA2-6657-B5B4-40D9F84D7DB3</generatorID>
<ownerDesignName>proyecto-semestra-pbd</ownerDesignName>
<useDomainConstraints>false</useDomainConstraints>
<use>1</use>
<logicalDatatype>LOGDT011</logicalDatatype>
<ownDataTypeParameters>,,</ownDataTypeParameters>
<previousColumn>false</previousColumn>
<autoIncrementCycle>false</autoIncrementCycle>
<associations>
<colAssociation fkAssociation="B02EB3DC-7A97-4FC6-76A2-C5DC9C0B20B1" referredColumn="4D1B6DC2-FD5E-A621-5035-835E6D4760F8"/>
</associations>
</Column>
<Column name="Postulantes_id" id="D1C32A76-5118-66C8-D733-51461C63E954">
<createdBy>Pato</createdBy>
<createdTime>2021-05-15 18:40:27 UTC</createdTime>
<generatorID>542B39A3-9F3A-426D-E830-807092C2826D</generatorID>
<ownerDesignName>proyecto-semestra-pbd</ownerDesignName>
<useDomainConstraints>false</useDomainConstraints>
<use>1</use>
<logicalDatatype>LOGDT011</logicalDatatype>
<ownDataTypeParameters>,,</ownDataTypeParameters>
<previousColumn>false</previousColumn>
<autoIncrementCycle>false</autoIncrementCycle>
<associations>
<colAssociation fkAssociation="94B203EC-B974-7B9A-759E-7360D1A2E4CE" referredColumn="13A5E991-01A2-C6D7-F1C6-9BBA0673129D"/>
</associations>
</Column>
</columns>
<indexes itemClass="oracle.dbtools.crest.model.design.relational.Index">
<ind_PK_UK id="D5422769-1CD1-C484-B6FA-A67D73F65E41" name="Titulos_superiores_PK">
<createdBy>Pato</createdBy>
<createdTime>2021-05-15 18:40:27 UTC</createdTime>
<generatorID>8C9BD159-958D-310A-8915-FAE84E1BAE4B</generatorID>
<ownerDesignName>proyecto-semestra-pbd</ownerDesignName>
<pk>true</pk>
<indexState>Primary Constraint</indexState>
<isSurrogateKey>false</isSurrogateKey>
<indexColumnUsage>
<colUsage columnID="3F604DE3-0980-9DE3-E2EF-11039BE1B4A1"/>
</indexColumnUsage>
</ind_PK_UK>
<ind_PK_UK id="C5CAE2F8-DAD8-3DAE-07B7-A3C8467623B3" name="Tit_sup_Tipos_Titulo_FK">
<createdBy>Pato</createdBy>
<createdTime>2021-05-15 18:40:27 UTC</createdTime>
<generatorID>9C3C3FCA-DFC2-870C-319D-525E82748F3E</generatorID>
<ownerDesignName>proyecto-semestra-pbd</ownerDesignName>
<indexState>Foreign Key</indexState>
<isSurrogateKey>false</isSurrogateKey>
<indexColumnUsage>
<colUsage columnID="7510AE1B-C713-5554-6960-E010A8B820BD"/>
</indexColumnUsage>
</ind_PK_UK>
<ind_PK_UK id="4D40348D-4083-3546-0F7B-6294805F48B1" name="Tit_sup_Postulantes_FK">
<createdBy>Pato</createdBy>
<createdTime>2021-05-15 18:40:27 UTC</createdTime>
<generatorID>CE3DBFDE-2B4C-009C-CD73-A0537FEF70AB</generatorID>
<ownerDesignName>proyecto-semestra-pbd</ownerDesignName>
<indexState>Foreign Key</indexState>
<isSurrogateKey>false</isSurrogateKey>
<indexColumnUsage>
<colUsage columnID="D1C32A76-5118-66C8-D733-51461C63E954"/>
</indexColumnUsage>
</ind_PK_UK>
</indexes>
</Table>
