<?xml version = '1.0' encoding = 'UTF-8'?>
<Table class="oracle.dbtools.crest.model.design.relational.Table" directorySegmentName="seg_0" id="97C95BDC-C037-EC49-EFC5-D5B7CCC3A4B0" name="Comunas">
<createdBy>Pato</createdBy>
<createdTime>2021-05-15 18:40:27 UTC</createdTime>
<generatorID>A86C695F-5935-0760-BA05-F427EF160770</generatorID>
<ownerDesignName>proyecto-semestra-pbd</ownerDesignName>
<allowColumnReorder>false</allowColumnReorder>
<existDependencyGenerateInDDl>true</existDependencyGenerateInDDl>
<parsed>true</parsed>
<columns itemClass="oracle.dbtools.crest.model.design.relational.Column">
<Column name="id" id="1DA33B53-3C79-C7EB-0052-57094E4D123D">
<createdBy>Pato</createdBy>
<createdTime>2021-05-15 18:40:27 UTC</createdTime>
<generatorID>FC6E2849-F02F-6778-9FA0-C75EDC95346F</generatorID>
<ownerDesignName>proyecto-semestra-pbd</ownerDesignName>
<useDomainConstraints>false</useDomainConstraints>
<use>1</use>
<logicalDatatype>LOGDT011</logicalDatatype>
<ownDataTypeParameters>,,</ownDataTypeParameters>
<autoIncrementCycle>false</autoIncrementCycle>
</Column>
<Column name="comuna" id="08B6A571-7C9A-9201-E864-B06787D69A40">
<createdBy>Pato</createdBy>
<createdTime>2021-05-15 18:40:27 UTC</createdTime>
<generatorID>C8C04E9D-368C-AB8A-CD77-DF63EF87003E</generatorID>
<ownerDesignName>proyecto-semestra-pbd</ownerDesignName>
<useDomainConstraints>false</useDomainConstraints>
<use>1</use>
<logicalDatatype>LOGDT024</logicalDatatype>
<dataTypeSize>50</dataTypeSize>
<ownDataTypeParameters>50,,</ownDataTypeParameters>
<autoIncrementCycle>false</autoIncrementCycle>
</Column>
<Column name="Provincias_id" id="12A634E9-F690-CF69-1BB8-AC3402FC95B5">
<createdBy>Pato</createdBy>
<createdTime>2021-05-15 18:40:27 UTC</createdTime>
<generatorID>412F83B1-2DE1-BF22-A0AA-24276B12CCD4</generatorID>
<ownerDesignName>proyecto-semestra-pbd</ownerDesignName>
<useDomainConstraints>false</useDomainConstraints>
<use>1</use>
<logicalDatatype>LOGDT011</logicalDatatype>
<ownDataTypeParameters>,,</ownDataTypeParameters>
<previousColumn>false</previousColumn>
<autoIncrementCycle>false</autoIncrementCycle>
<associations>
<colAssociation fkAssociation="F225B927-1320-1F75-4AB8-1E8BE3E36A14" referredColumn="0F94BBFB-1691-A70D-8AC8-B977A716EED2"/>
</associations>
</Column>
</columns>
<indexes itemClass="oracle.dbtools.crest.model.design.relational.Index">
<ind_PK_UK id="DC1DEAE0-EB13-53C4-509E-28FAE6B70E8B" name="Comunas_PK">
<createdBy>Pato</createdBy>
<createdTime>2021-05-15 18:40:27 UTC</createdTime>
<generatorID>57D9E521-086D-25E6-7658-FA5B6F7D7FB5</generatorID>
<ownerDesignName>proyecto-semestra-pbd</ownerDesignName>
<pk>true</pk>
<indexState>Primary Constraint</indexState>
<isSurrogateKey>false</isSurrogateKey>
<indexColumnUsage>
<colUsage columnID="1DA33B53-3C79-C7EB-0052-57094E4D123D"/>
</indexColumnUsage>
</ind_PK_UK>
<ind_PK_UK id="26F0DF84-13B2-23B1-EC87-DFDF71CDEEF9" name="Comunas_Provincias_FK">
<createdBy>Pato</createdBy>
<createdTime>2021-05-15 18:40:27 UTC</createdTime>
<generatorID>642D3C26-6E39-EF13-56F1-91C5C04B6721</generatorID>
<ownerDesignName>proyecto-semestra-pbd</ownerDesignName>
<indexState>Foreign Key</indexState>
<isSurrogateKey>false</isSurrogateKey>
<indexColumnUsage>
<colUsage columnID="12A634E9-F690-CF69-1BB8-AC3402FC95B5"/>
</indexColumnUsage>
</ind_PK_UK>
</indexes>
</Table>
