<?xml version = '1.0' encoding = 'UTF-8'?>
<Table class="oracle.dbtools.crest.model.design.relational.Table" directorySegmentName="seg_0" id="B58998DB-54DE-9C77-DB3E-D82015C1466B" name="Postulantes">
<createdBy>Pato</createdBy>
<createdTime>2021-05-15 18:40:27 UTC</createdTime>
<generatorID>76F06E26-F8AF-4679-07E8-B898CE87FE3C</generatorID>
<ownerDesignName>proyecto-semestra-pbd</ownerDesignName>
<allowColumnReorder>false</allowColumnReorder>
<existDependencyGenerateInDDl>true</existDependencyGenerateInDDl>
<parsed>true</parsed>
<columns itemClass="oracle.dbtools.crest.model.design.relational.Column">
<Column name="id" id="13A5E991-01A2-C6D7-F1C6-9BBA0673129D">
<createdBy>Pato</createdBy>
<createdTime>2021-05-15 18:40:27 UTC</createdTime>
<generatorID>A9856065-E3B7-BD1E-6346-87E56781D422</generatorID>
<ownerDesignName>proyecto-semestra-pbd</ownerDesignName>
<useDomainConstraints>false</useDomainConstraints>
<use>1</use>
<logicalDatatype>LOGDT011</logicalDatatype>
<ownDataTypeParameters>,,</ownDataTypeParameters>
<autoIncrementCycle>false</autoIncrementCycle>
</Column>
<Column name="run" id="E5DDC6AD-CD39-DBBC-C732-D1908B7B63FF">
<createdBy>Pato</createdBy>
<createdTime>2021-05-15 18:40:27 UTC</createdTime>
<generatorID>5550C682-29C8-2A55-4881-409603AC7A1B</generatorID>
<ownerDesignName>proyecto-semestra-pbd</ownerDesignName>
<useDomainConstraints>false</useDomainConstraints>
<use>1</use>
<logicalDatatype>LOGDT024</logicalDatatype>
<dataTypeSize>10</dataTypeSize>
<ownDataTypeParameters>10,,</ownDataTypeParameters>
<autoIncrementCycle>false</autoIncrementCycle>
</Column>
<Column name="nombre_1" id="3C971C7B-5D91-8176-A210-C04047E78799">
<createdBy>Pato</createdBy>
<createdTime>2021-05-15 18:40:27 UTC</createdTime>
<generatorID>67F5DC8E-FDFB-1FD3-67A2-04E755D21BCA</generatorID>
<ownerDesignName>proyecto-semestra-pbd</ownerDesignName>
<useDomainConstraints>false</useDomainConstraints>
<use>1</use>
<logicalDatatype>LOGDT024</logicalDatatype>
<dataTypeSize>20</dataTypeSize>
<ownDataTypeParameters>20,,</ownDataTypeParameters>
<autoIncrementCycle>false</autoIncrementCycle>
</Column>
<Column name="nombre_2" id="B4EE6F25-69CF-2573-3AEE-0022597F3A79">
<createdBy>Pato</createdBy>
<createdTime>2021-05-15 18:40:27 UTC</createdTime>
<generatorID>4C477069-A7E2-734A-7BE9-514F5F393666</generatorID>
<ownerDesignName>proyecto-semestra-pbd</ownerDesignName>
<nullsAllowed>true</nullsAllowed>
<useDomainConstraints>false</useDomainConstraints>
<use>1</use>
<logicalDatatype>LOGDT024</logicalDatatype>
<dataTypeSize>20</dataTypeSize>
<ownDataTypeParameters>20,,</ownDataTypeParameters>
<autoIncrementCycle>false</autoIncrementCycle>
</Column>
<Column name="apellido_1" id="1F06ADAE-010C-D958-BC2F-026847F8ACFA">
<createdBy>Pato</createdBy>
<createdTime>2021-05-15 18:40:27 UTC</createdTime>
<generatorID>AA3CD4DD-32CA-F15D-1CDD-BA267D36083E</generatorID>
<ownerDesignName>proyecto-semestra-pbd</ownerDesignName>
<useDomainConstraints>false</useDomainConstraints>
<use>1</use>
<logicalDatatype>LOGDT024</logicalDatatype>
<dataTypeSize>20</dataTypeSize>
<ownDataTypeParameters>20,,</ownDataTypeParameters>
<autoIncrementCycle>false</autoIncrementCycle>
</Column>
<Column name="apellido_2" id="D9F7970F-0C2C-CC94-255D-F720BB0B8E8B">
<createdBy>Pato</createdBy>
<createdTime>2021-05-15 18:40:27 UTC</createdTime>
<generatorID>FFA41DCC-949D-AFE4-54F7-3A732B77E8C0</generatorID>
<ownerDesignName>proyecto-semestra-pbd</ownerDesignName>
<useDomainConstraints>false</useDomainConstraints>
<use>1</use>
<logicalDatatype>LOGDT024</logicalDatatype>
<dataTypeSize>20</dataTypeSize>
<ownDataTypeParameters>20,,</ownDataTypeParameters>
<autoIncrementCycle>false</autoIncrementCycle>
</Column>
<Column name="fecha_nacimiento" id="38E81F89-01A2-1A93-7A01-BF523E190C75">
<createdBy>Pato</createdBy>
<createdTime>2021-05-15 18:40:27 UTC</createdTime>
<generatorID>645A6E24-1B76-5DFA-053F-04AA138C1FA7</generatorID>
<ownerDesignName>proyecto-semestra-pbd</ownerDesignName>
<useDomainConstraints>false</useDomainConstraints>
<use>1</use>
<logicalDatatype>LOGDT007</logicalDatatype>
<ownDataTypeParameters>,,</ownDataTypeParameters>
<autoIncrementCycle>false</autoIncrementCycle>
</Column>
<Column name="sexo" id="49CEE1C5-21A8-F715-8B50-B3319E89265A">
<createdBy>Pato</createdBy>
<createdTime>2021-05-15 18:40:27 UTC</createdTime>
<generatorID>D257E26D-8AC0-7573-A26D-8DD6BC04B3A2</generatorID>
<ownerDesignName>proyecto-semestra-pbd</ownerDesignName>
<useDomainConstraints>false</useDomainConstraints>
<use>1</use>
<logicalDatatype>LOGDT024</logicalDatatype>
<dataTypeSize>20</dataTypeSize>
<ownDataTypeParameters>20,,</ownDataTypeParameters>
<autoIncrementCycle>false</autoIncrementCycle>
</Column>
<Column name="es_extranjero" id="3FD068EF-3543-A561-F07D-565B19E6F6D0">
<createdBy>Pato</createdBy>
<createdTime>2021-05-15 18:40:27 UTC</createdTime>
<generatorID>2EE1026C-B860-403F-D2E0-00C2C2D02F02</generatorID>
<ownerDesignName>proyecto-semestra-pbd</ownerDesignName>
<useDomainConstraints>false</useDomainConstraints>
<use>1</use>
<logicalDatatype>LOGDT006</logicalDatatype>
<dataTypeSize>1</dataTypeSize>
<ownDataTypeParameters>1,,</ownDataTypeParameters>
<autoIncrementCycle>false</autoIncrementCycle>
</Column>
<Column name="pasaporte_ext" id="EA5CF4EE-6F07-FA67-44EE-6F126D43C845">
<createdBy>Pato</createdBy>
<createdTime>2021-05-15 18:40:27 UTC</createdTime>
<generatorID>0114939D-0C99-A3A2-B611-EA025919479F</generatorID>
<ownerDesignName>proyecto-semestra-pbd</ownerDesignName>
<nullsAllowed>true</nullsAllowed>
<useDomainConstraints>false</useDomainConstraints>
<use>1</use>
<logicalDatatype>LOGDT024</logicalDatatype>
<dataTypeSize>30</dataTypeSize>
<ownDataTypeParameters>30,,</ownDataTypeParameters>
<autoIncrementCycle>false</autoIncrementCycle>
</Column>
<Column name="visa_ext" id="3B14AAF3-A82B-C566-6EE2-85DBE244996C">
<createdBy>Pato</createdBy>
<createdTime>2021-05-15 18:40:27 UTC</createdTime>
<generatorID>A2BEB004-48DB-5527-1B79-9604ADE7BCE8</generatorID>
<ownerDesignName>proyecto-semestra-pbd</ownerDesignName>
<nullsAllowed>true</nullsAllowed>
<useDomainConstraints>false</useDomainConstraints>
<use>1</use>
<logicalDatatype>LOGDT024</logicalDatatype>
<dataTypeSize>30</dataTypeSize>
<ownDataTypeParameters>30,,</ownDataTypeParameters>
<autoIncrementCycle>false</autoIncrementCycle>
</Column>
<Column name="tiene_hijos_5_annos" id="22012D89-C0EE-8B79-E939-C2762E530ED5">
<createdBy>Pato</createdBy>
<createdTime>2021-05-15 18:40:27 UTC</createdTime>
<generatorID>4D8A9CEF-9CDD-75CD-04BD-0157A62C120D</generatorID>
<ownerDesignName>proyecto-semestra-pbd</ownerDesignName>
<nullsAllowed>true</nullsAllowed>
<useDomainConstraints>false</useDomainConstraints>
<use>1</use>
<logicalDatatype>LOGDT006</logicalDatatype>
<dataTypeSize>1</dataTypeSize>
<ownDataTypeParameters>1,,</ownDataTypeParameters>
<autoIncrementCycle>false</autoIncrementCycle>
</Column>
<Column name="numero_hijos" id="0DCA181E-C462-6678-CAAA-3FFF9923572C">
<createdBy>Pato</createdBy>
<createdTime>2021-05-15 18:40:27 UTC</createdTime>
<generatorID>06D2ED90-3D96-E730-75AC-E84CC3717A48</generatorID>
<ownerDesignName>proyecto-semestra-pbd</ownerDesignName>
<useDomainConstraints>false</useDomainConstraints>
<use>1</use>
<logicalDatatype>LOGDT011</logicalDatatype>
<ownDataTypeParameters>,,</ownDataTypeParameters>
<autoIncrementCycle>false</autoIncrementCycle>
</Column>
<Column name="es_discapacitado" id="1C945066-8ECF-46D7-77BF-4CCC6AC85207">
<createdBy>Pato</createdBy>
<createdTime>2021-05-15 18:40:27 UTC</createdTime>
<generatorID>50083CBC-1268-B57F-987D-32026C0C3206</generatorID>
<ownerDesignName>proyecto-semestra-pbd</ownerDesignName>
<useDomainConstraints>false</useDomainConstraints>
<use>1</use>
<logicalDatatype>LOGDT011</logicalDatatype>
<ownDataTypeParameters>,,</ownDataTypeParameters>
<autoIncrementCycle>false</autoIncrementCycle>
</Column>
<Column name="Estados_Civiles_id" id="A97EC82A-DC97-04B8-33AC-9EE6109980CA">
<createdBy>Pato</createdBy>
<createdTime>2021-05-15 18:40:27 UTC</createdTime>
<generatorID>E1602B33-3ED4-F106-1DAF-D6B47A24F55E</generatorID>
<ownerDesignName>proyecto-semestra-pbd</ownerDesignName>
<useDomainConstraints>false</useDomainConstraints>
<use>1</use>
<logicalDatatype>LOGDT011</logicalDatatype>
<ownDataTypeParameters>,,</ownDataTypeParameters>
<previousColumn>false</previousColumn>
<autoIncrementCycle>false</autoIncrementCycle>
<associations>
<colAssociation fkAssociation="D8A204A3-FF25-DAF2-953E-38F3AD37DDFA" referredColumn="45F2469D-07A3-DD5E-8764-43AE1B16178A"/>
</associations>
</Column>
<Column name="Paises_id" id="68E34BFC-6B36-5A5B-D3C9-C0080AFB672C">
<createdBy>Pato</createdBy>
<createdTime>2021-05-15 18:40:27 UTC</createdTime>
<generatorID>649B4B52-ACAF-A4CB-11B8-BE118C0CE5B0</generatorID>
<ownerDesignName>proyecto-semestra-pbd</ownerDesignName>
<useDomainConstraints>false</useDomainConstraints>
<use>1</use>
<logicalDatatype>LOGDT011</logicalDatatype>
<ownDataTypeParameters>,,</ownDataTypeParameters>
<previousColumn>false</previousColumn>
<autoIncrementCycle>false</autoIncrementCycle>
<associations>
<colAssociation fkAssociation="3D1FD4FF-C94E-19C0-5114-2B53A5AC748B" referredColumn="D6609968-A824-848E-FF8F-B5143466E514"/>
</associations>
</Column>
<Column name="pueblos_originarios_id" id="9F26ED6F-8D52-0BD7-E23E-F76A6C0C3A02">
<createdBy>Pato</createdBy>
<createdTime>2021-05-15 18:40:27 UTC</createdTime>
<generatorID>733ECDBD-6C3C-53EF-C381-1DBB43333776</generatorID>
<ownerDesignName>proyecto-semestra-pbd</ownerDesignName>
<nullsAllowed>true</nullsAllowed>
<useDomainConstraints>false</useDomainConstraints>
<use>1</use>
<logicalDatatype>LOGDT011</logicalDatatype>
<ownDataTypeParameters>,,</ownDataTypeParameters>
<previousColumn>false</previousColumn>
<autoIncrementCycle>false</autoIncrementCycle>
<associations>
<colAssociation fkAssociation="5C32E2DC-1B18-87E5-0E31-8E3081E18517" referredColumn="69BD9390-AEF3-38BC-24D2-C7B74BE3AC96"/>
</associations>
</Column>
<Column name="promedio_notas" id="4AA05530-A577-F252-726F-21E80FD43BD7">
<createdBy>Pato</createdBy>
<createdTime>2021-05-15 18:40:27 UTC</createdTime>
<generatorID>A2C206F0-D9C7-A4FB-52F3-D448516B78CD</generatorID>
<ownerDesignName>proyecto-semestra-pbd</ownerDesignName>
<useDomainConstraints>false</useDomainConstraints>
<use>1</use>
<logicalDatatype>LOGDT011</logicalDatatype>
<ownDataTypeParameters>,,</ownDataTypeParameters>
<autoIncrementCycle>false</autoIncrementCycle>
</Column>
<Column name="puntaje" id="E8E85695-FAEA-D0A7-4E5A-AA720131F571">
<createdBy>Pato</createdBy>
<createdTime>2021-05-15 18:40:27 UTC</createdTime>
<generatorID>B656C35E-5669-2FFB-3492-8C91984FEB80</generatorID>
<ownerDesignName>proyecto-semestra-pbd</ownerDesignName>
<useDomainConstraints>false</useDomainConstraints>
<use>1</use>
<logicalDatatype>LOGDT011</logicalDatatype>
<ownDataTypeParameters>,,</ownDataTypeParameters>
<autoIncrementCycle>false</autoIncrementCycle>
</Column>
</columns>
<indexes itemClass="oracle.dbtools.crest.model.design.relational.Index">
<ind_PK_UK id="0802A0DF-8993-AEBA-2159-061215054798" name="Postulantes_PK">
<createdBy>Pato</createdBy>
<createdTime>2021-05-15 18:40:27 UTC</createdTime>
<generatorID>B323FB71-A9DE-70B4-487A-394A6B4B03E3</generatorID>
<ownerDesignName>proyecto-semestra-pbd</ownerDesignName>
<pk>true</pk>
<indexState>Primary Constraint</indexState>
<isSurrogateKey>false</isSurrogateKey>
<indexColumnUsage>
<colUsage columnID="13A5E991-01A2-C6D7-F1C6-9BBA0673129D"/>
</indexColumnUsage>
</ind_PK_UK>
<ind_PK_UK id="4631A256-394F-D0CF-2F21-3091543EE5F8" name="Postulantes_Estado_Civil_FK">
<createdBy>Pato</createdBy>
<createdTime>2021-05-15 18:40:27 UTC</createdTime>
<generatorID>FAA41935-6B7C-CB7D-4E18-9282B6E540F5</generatorID>
<ownerDesignName>proyecto-semestra-pbd</ownerDesignName>
<indexState>Foreign Key</indexState>
<isSurrogateKey>false</isSurrogateKey>
<indexColumnUsage>
<colUsage columnID="A97EC82A-DC97-04B8-33AC-9EE6109980CA"/>
</indexColumnUsage>
</ind_PK_UK>
<ind_PK_UK id="A0CCFF95-AF38-BC8D-933B-420D3B414845" name="Postulantes_Paises_FK">
<createdBy>Pato</createdBy>
<createdTime>2021-05-15 18:40:27 UTC</createdTime>
<generatorID>A8B76A9D-D00A-4B22-36EB-E737D9DB6290</generatorID>
<ownerDesignName>proyecto-semestra-pbd</ownerDesignName>
<indexState>Foreign Key</indexState>
<isSurrogateKey>false</isSurrogateKey>
<indexColumnUsage>
<colUsage columnID="68E34BFC-6B36-5A5B-D3C9-C0080AFB672C"/>
</indexColumnUsage>
</ind_PK_UK>
<ind_PK_UK id="A5245335-615A-43CC-5ACA-EF047947EE17" name="Postulantes_pue_ori_FK">
<createdBy>Pato</createdBy>
<createdTime>2021-05-15 18:40:27 UTC</createdTime>
<generatorID>290C11BD-3156-C99D-5C24-CF1F4686B225</generatorID>
<ownerDesignName>proyecto-semestra-pbd</ownerDesignName>
<indexState>Foreign Key</indexState>
<isSurrogateKey>false</isSurrogateKey>
<indexColumnUsage>
<colUsage columnID="9F26ED6F-8D52-0BD7-E23E-F76A6C0C3A02"/>
</indexColumnUsage>
</ind_PK_UK>
</indexes>
</Table>
