<?xml version = '1.0' encoding = 'UTF-8'?>
<Table class="oracle.dbtools.crest.model.design.relational.Table" directorySegmentName="seg_0" id="D8942F85-7D22-037F-6770-0E65A6EF0902" name="tipo_experiencia">
<createdBy>Pato</createdBy>
<createdTime>2021-05-15 18:40:27 UTC</createdTime>
<generatorID>36DD0C4E-8970-0B73-3820-ABCCC8617958</generatorID>
<ownerDesignName>proyecto-semestra-pbd</ownerDesignName>
<allowColumnReorder>false</allowColumnReorder>
<existDependencyGenerateInDDl>true</existDependencyGenerateInDDl>
<parsed>true</parsed>
<columns itemClass="oracle.dbtools.crest.model.design.relational.Column">
<Column name="id" id="8E9AED43-2409-9AC8-5D05-5FD4E9B1746F">
<createdBy>Pato</createdBy>
<createdTime>2021-05-15 18:40:27 UTC</createdTime>
<generatorID>1E36AA80-C8FA-F71C-AA3A-81FB9B473688</generatorID>
<ownerDesignName>proyecto-semestra-pbd</ownerDesignName>
<useDomainConstraints>false</useDomainConstraints>
<use>1</use>
<logicalDatatype>LOGDT011</logicalDatatype>
<ownDataTypeParameters>,,</ownDataTypeParameters>
<autoIncrementCycle>false</autoIncrementCycle>
</Column>
<Column name="tipo_experiencia" id="5FB0E1D9-36B1-5CAB-937B-0822CD02879B">
<createdBy>Pato</createdBy>
<createdTime>2021-05-15 18:40:27 UTC</createdTime>
<generatorID>8A32975D-A20F-85E3-F1E6-CD8223818866</generatorID>
<ownerDesignName>proyecto-semestra-pbd</ownerDesignName>
<useDomainConstraints>false</useDomainConstraints>
<use>1</use>
<logicalDatatype>LOGDT024</logicalDatatype>
<dataTypeSize>50</dataTypeSize>
<ownDataTypeParameters>50,,</ownDataTypeParameters>
<autoIncrementCycle>false</autoIncrementCycle>
</Column>
</columns>
<indexes itemClass="oracle.dbtools.crest.model.design.relational.Index">
<ind_PK_UK id="403C2BFD-A2BA-6CD9-D21D-56149BD0C21A" name="tipo_experiencia_PK">
<createdBy>Pato</createdBy>
<createdTime>2021-05-15 18:40:27 UTC</createdTime>
<generatorID>C95953FD-3862-17ED-35AA-4DD1E3C4261A</generatorID>
<ownerDesignName>proyecto-semestra-pbd</ownerDesignName>
<pk>true</pk>
<indexState>Primary Constraint</indexState>
<isSurrogateKey>false</isSurrogateKey>
<indexColumnUsage>
<colUsage columnID="8E9AED43-2409-9AC8-5D05-5FD4E9B1746F"/>
</indexColumnUsage>
</ind_PK_UK>
</indexes>
</Table>
