<?xml version = '1.0' encoding = 'UTF-8'?>
<Entity class="oracle.dbtools.crest.model.design.logical.Entity" directorySegmentName="seg_0" id="56599147-E7BE-493E-0BEF-B519EAC648B6" name="Submodulos">
<createdBy>Pato</createdBy>
<createdTime>2021-05-15 18:00:41 UTC</createdTime>
<ownerDesignName>proyecto-semestra-pbd</ownerDesignName>
<engineerTo>
<item key="42384067-412E-85A9-7517-AF1255212622" value="true"/>
</engineerTo>
<adequatelyNormalized>NO</adequatelyNormalized>
<expectedVolumes>0</expectedVolumes>
<fwdEngineeringStrategyName>Single Table</fwdEngineeringStrategyName>
<growthPercent>0</growthPercent>
<growthType>Year</growthType>
<maxVolumes>9999999</maxVolumes>
<minVolumes>0</minVolumes>
<normalForm>Third</normalForm>
<attributes itemClass="oracle.dbtools.crest.model.design.logical.Attribute">
<Attribute name="id" id="7CC390ED-3205-330C-9FA3-DD95201E4EB9">
<createdBy>Pato</createdBy>
<createdTime>2021-05-15 18:00:48 UTC</createdTime>
<ownerDesignName>proyecto-semestra-pbd</ownerDesignName>
<engineerTo>
<item key="42384067-412E-85A9-7517-AF1255212622" value="true"/>
</engineerTo>
<useDomainConstraints>false</useDomainConstraints>
<use>1</use>
<logicalDatatype>LOGDT011</logicalDatatype>
<ownDataTypeParameters>,,</ownDataTypeParameters>
</Attribute>
<Attribute name="submodulo" id="8AA0BE6B-CBCB-8CB6-27D7-4E5383FA4039">
<createdBy>Pato</createdBy>
<createdTime>2021-05-15 18:01:01 UTC</createdTime>
<ownerDesignName>proyecto-semestra-pbd</ownerDesignName>
<engineerTo>
<item key="42384067-412E-85A9-7517-AF1255212622" value="true"/>
</engineerTo>
<useDomainConstraints>false</useDomainConstraints>
<use>1</use>
<logicalDatatype>LOGDT024</logicalDatatype>
<dataTypeSize>200</dataTypeSize>
<ownDataTypeParameters>200,,</ownDataTypeParameters>
</Attribute>
<Attribute name="id1" id="EE2E7936-55C9-C3FB-33EA-2F1FC32BF76B">
<createdBy>Pato</createdBy>
<createdTime>2021-05-15 18:01:17 UTC</createdTime>
<generatorID>CA5AD1AD-F0AD-9A7B-ACB0-316A29964756</generatorID>
<ownerDesignName>proyecto-semestra-pbd</ownerDesignName>
<engineerTo>
<item key="42384067-412E-85A9-7517-AF1255212622" value="true"/>
</engineerTo>
<referedAttribute>CD954FB0-D132-7880-1F25-E2CBFB428461</referedAttribute>
<useDomainConstraints>false</useDomainConstraints>
<use>1</use>
<logicalDatatype>LOGDT011</logicalDatatype>
<ownDataTypeParameters>,,</ownDataTypeParameters>
</Attribute>
</attributes>
<identifiers itemClass="oracle.dbtools.crest.model.design.logical.CandidateKey">
<identifier id="FCCDDFE0-5EF2-489A-F47B-B10D3C7F9398" name="Submodulos PK">
<createdBy>Pato</createdBy>
<createdTime>2021-05-15 18:01:00 UTC</createdTime>
<ownerDesignName>proyecto-semestra-pbd</ownerDesignName>
<engineerTo>
<item key="42384067-412E-85A9-7517-AF1255212622" value="true"/>
</engineerTo>
<pk>true</pk>
<usedAttributes>
<attributeRef>7CC390ED-3205-330C-9FA3-DD95201E4EB9</attributeRef>
</usedAttributes>
</identifier>
</identifiers>
</Entity>
