<?xml version = '1.0' encoding = 'UTF-8'?>
<Entity class="oracle.dbtools.crest.model.design.logical.Entity" directorySegmentName="seg_0" id="9C8AC3C8-9071-571A-8447-026A2AF7AAD6" name="datos_contactos">
<createdBy>Pato</createdBy>
<createdTime>2021-05-12 01:13:00 UTC</createdTime>
<ownerDesignName>proyecto-semestra-pbd</ownerDesignName>
<engineerTo>
<item key="42384067-412E-85A9-7517-AF1255212622" value="true"/>
</engineerTo>
<adequatelyNormalized>NO</adequatelyNormalized>
<expectedVolumes>0</expectedVolumes>
<fwdEngineeringStrategyName>Single Table</fwdEngineeringStrategyName>
<growthPercent>0</growthPercent>
<growthType>Year</growthType>
<maxVolumes>9999999</maxVolumes>
<minVolumes>0</minVolumes>
<normalForm>Third</normalForm>
<attributes itemClass="oracle.dbtools.crest.model.design.logical.Attribute">
<Attribute name="id" id="2CB515D1-3399-3EFC-5E15-4CB15F49C38D">
<createdBy>Pato</createdBy>
<createdTime>2021-05-12 01:13:32 UTC</createdTime>
<ownerDesignName>proyecto-semestra-pbd</ownerDesignName>
<engineerTo>
<item key="42384067-412E-85A9-7517-AF1255212622" value="true"/>
</engineerTo>
<useDomainConstraints>false</useDomainConstraints>
<use>1</use>
<logicalDatatype>LOGDT011</logicalDatatype>
<ownDataTypeParameters>,,</ownDataTypeParameters>
</Attribute>
<Attribute name="direccion" id="64ECEA4D-73E6-F0CD-FAB4-D0B19B0D787D">
<createdBy>Pato</createdBy>
<createdTime>2021-05-12 01:13:40 UTC</createdTime>
<ownerDesignName>proyecto-semestra-pbd</ownerDesignName>
<engineerTo>
<item key="42384067-412E-85A9-7517-AF1255212622" value="true"/>
</engineerTo>
<useDomainConstraints>false</useDomainConstraints>
<use>1</use>
<logicalDatatype>LOGDT024</logicalDatatype>
<dataTypeSize>100</dataTypeSize>
<ownDataTypeParameters>100,,</ownDataTypeParameters>
</Attribute>
<Attribute name="numero" id="454E3AE7-4A9D-9A3E-07A7-EE058C4098E0">
<createdBy>Pato</createdBy>
<createdTime>2021-05-12 01:14:19 UTC</createdTime>
<ownerDesignName>proyecto-semestra-pbd</ownerDesignName>
<engineerTo>
<item key="42384067-412E-85A9-7517-AF1255212622" value="true"/>
</engineerTo>
<useDomainConstraints>false</useDomainConstraints>
<use>1</use>
<logicalDatatype>LOGDT024</logicalDatatype>
<dataTypeSize>10</dataTypeSize>
<ownDataTypeParameters>10,,</ownDataTypeParameters>
</Attribute>
<Attribute name="recibe_correos" id="B1176557-0BC7-C20F-113F-D1E402E26873">
<createdBy>Pato</createdBy>
<createdTime>2021-05-12 01:15:13 UTC</createdTime>
<ownerDesignName>proyecto-semestra-pbd</ownerDesignName>
<engineerTo>
<item key="42384067-412E-85A9-7517-AF1255212622" value="true"/>
</engineerTo>
<useDomainConstraints>false</useDomainConstraints>
<use>1</use>
<logicalDatatype>LOGDT006</logicalDatatype>
<dataTypeSize>1</dataTypeSize>
<ownDataTypeParameters>1,,</ownDataTypeParameters>
</Attribute>
<Attribute name="opciones" id="204D2AE7-965C-3F04-2CBF-1CF5D86F891C">
<createdBy>Pato</createdBy>
<createdTime>2021-05-12 01:15:38 UTC</createdTime>
<ownerDesignName>proyecto-semestra-pbd</ownerDesignName>
<engineerTo>
<item key="42384067-412E-85A9-7517-AF1255212622" value="true"/>
</engineerTo>
<nullsAllowed>true</nullsAllowed>
<useDomainConstraints>false</useDomainConstraints>
<use>1</use>
<logicalDatatype>LOGDT040</logicalDatatype>
<ownDataTypeParameters>,,</ownDataTypeParameters>
</Attribute>
<Attribute name="id1" id="5A6C01A2-E0C7-EEDF-2E9E-0E4A7616C313">
<createdBy>Pato</createdBy>
<createdTime>2021-05-12 01:16:11 UTC</createdTime>
<generatorID>27223B86-4ADD-736A-4146-1F03E29AD773</generatorID>
<ownerDesignName>proyecto-semestra-pbd</ownerDesignName>
<engineerTo>
<item key="42384067-412E-85A9-7517-AF1255212622" value="true"/>
</engineerTo>
<referedAttribute>A9856065-E3B7-BD1E-6346-87E56781D422</referedAttribute>
<useDomainConstraints>false</useDomainConstraints>
<use>1</use>
<logicalDatatype>LOGDT011</logicalDatatype>
<ownDataTypeParameters>,,</ownDataTypeParameters>
</Attribute>
<Attribute name="id2" id="C0B21548-5C07-6442-721D-12AC822E5101">
<createdBy>Pato</createdBy>
<createdTime>2021-05-12 01:16:27 UTC</createdTime>
<generatorID>3B0E29C8-BD8D-5B48-C5D5-D85F39511108</generatorID>
<ownerDesignName>proyecto-semestra-pbd</ownerDesignName>
<engineerTo>
<item key="42384067-412E-85A9-7517-AF1255212622" value="true"/>
</engineerTo>
<referedAttribute>FC6E2849-F02F-6778-9FA0-C75EDC95346F</referedAttribute>
<useDomainConstraints>false</useDomainConstraints>
<use>1</use>
<logicalDatatype>LOGDT011</logicalDatatype>
<ownDataTypeParameters>,,</ownDataTypeParameters>
</Attribute>
<Attribute name="id3" id="7AD5040E-B226-C196-D211-3D4FC2D0D0E9">
<createdBy>Pato</createdBy>
<createdTime>2021-05-12 01:17:24 UTC</createdTime>
<generatorID>1B52C3FE-5E6D-69CE-0421-1C50E3B64D24</generatorID>
<ownerDesignName>proyecto-semestra-pbd</ownerDesignName>
<engineerTo>
<item key="42384067-412E-85A9-7517-AF1255212622" value="true"/>
</engineerTo>
<referedAttribute>73948C76-FDA5-38FF-9F16-6472B19AE28C</referedAttribute>
<useDomainConstraints>false</useDomainConstraints>
<use>1</use>
<logicalDatatype>LOGDT011</logicalDatatype>
<ownDataTypeParameters>,,</ownDataTypeParameters>
</Attribute>
</attributes>
<identifiers itemClass="oracle.dbtools.crest.model.design.logical.CandidateKey">
<identifier id="EF0A6097-5193-645E-967F-7B4431CC22BE" name="datos_contactos PK">
<createdBy>Pato</createdBy>
<createdTime>2021-05-12 01:13:40 UTC</createdTime>
<ownerDesignName>proyecto-semestra-pbd</ownerDesignName>
<engineerTo>
<item key="42384067-412E-85A9-7517-AF1255212622" value="true"/>
</engineerTo>
<pk>true</pk>
<usedAttributes>
<attributeRef>2CB515D1-3399-3EFC-5E15-4CB15F49C38D</attributeRef>
</usedAttributes>
</identifier>
</identifiers>
</Entity>
