<?xml version = '1.0' encoding = 'UTF-8'?>
<Entity class="oracle.dbtools.crest.model.design.logical.Entity" directorySegmentName="seg_0" id="A86C695F-5935-0760-BA05-F427EF160770" name="Comunas">
<createdBy>Pato</createdBy>
<createdTime>2021-05-12 01:11:48 UTC</createdTime>
<ownerDesignName>proyecto-semestra-pbd</ownerDesignName>
<engineerTo>
<item key="42384067-412E-85A9-7517-AF1255212622" value="true"/>
</engineerTo>
<adequatelyNormalized>NO</adequatelyNormalized>
<expectedVolumes>0</expectedVolumes>
<fwdEngineeringStrategyName>Single Table</fwdEngineeringStrategyName>
<growthPercent>0</growthPercent>
<growthType>Year</growthType>
<maxVolumes>9999999</maxVolumes>
<minVolumes>0</minVolumes>
<normalForm>Third</normalForm>
<attributes itemClass="oracle.dbtools.crest.model.design.logical.Attribute">
<Attribute name="id" id="FC6E2849-F02F-6778-9FA0-C75EDC95346F">
<createdBy>Pato</createdBy>
<createdTime>2021-05-12 01:12:00 UTC</createdTime>
<ownerDesignName>proyecto-semestra-pbd</ownerDesignName>
<engineerTo>
<item key="42384067-412E-85A9-7517-AF1255212622" value="true"/>
</engineerTo>
<useDomainConstraints>false</useDomainConstraints>
<use>1</use>
<logicalDatatype>LOGDT011</logicalDatatype>
<ownDataTypeParameters>,,</ownDataTypeParameters>
</Attribute>
<Attribute name="comuna" id="C8C04E9D-368C-AB8A-CD77-DF63EF87003E">
<createdBy>Pato</createdBy>
<createdTime>2021-05-12 01:12:08 UTC</createdTime>
<ownerDesignName>proyecto-semestra-pbd</ownerDesignName>
<engineerTo>
<item key="42384067-412E-85A9-7517-AF1255212622" value="true"/>
</engineerTo>
<useDomainConstraints>false</useDomainConstraints>
<use>1</use>
<logicalDatatype>LOGDT024</logicalDatatype>
<dataTypeSize>50</dataTypeSize>
<ownDataTypeParameters>50,,</ownDataTypeParameters>
</Attribute>
<Attribute name="id1" id="412F83B1-2DE1-BF22-A0AA-24276B12CCD4">
<createdBy>Pato</createdBy>
<createdTime>2021-05-12 01:12:39 UTC</createdTime>
<generatorID>642D3C26-6E39-EF13-56F1-91C5C04B6721</generatorID>
<ownerDesignName>proyecto-semestra-pbd</ownerDesignName>
<engineerTo>
<item key="42384067-412E-85A9-7517-AF1255212622" value="true"/>
</engineerTo>
<referedAttribute>15AF6104-8F79-F679-2F51-B95E213331FE</referedAttribute>
<useDomainConstraints>false</useDomainConstraints>
<use>1</use>
<logicalDatatype>LOGDT011</logicalDatatype>
<ownDataTypeParameters>,,</ownDataTypeParameters>
</Attribute>
</attributes>
<identifiers itemClass="oracle.dbtools.crest.model.design.logical.CandidateKey">
<identifier id="57D9E521-086D-25E6-7658-FA5B6F7D7FB5" name="Comunas PK">
<createdBy>Pato</createdBy>
<createdTime>2021-05-12 01:12:07 UTC</createdTime>
<ownerDesignName>proyecto-semestra-pbd</ownerDesignName>
<engineerTo>
<item key="42384067-412E-85A9-7517-AF1255212622" value="true"/>
</engineerTo>
<pk>true</pk>
<usedAttributes>
<attributeRef>FC6E2849-F02F-6778-9FA0-C75EDC95346F</attributeRef>
</usedAttributes>
</identifier>
</identifiers>
</Entity>
