<?xml version = '1.0' encoding = 'UTF-8'?>
<Entity class="oracle.dbtools.crest.model.design.logical.Entity" directorySegmentName="seg_0" id="BBC1D6AC-EC49-079F-C74D-02611184963F" name="estudios">
<createdBy>Pato</createdBy>
<createdTime>2021-05-12 01:28:53 UTC</createdTime>
<ownerDesignName>proyecto-semestra-pbd</ownerDesignName>
<engineerTo>
<item key="42384067-412E-85A9-7517-AF1255212622" value="true"/>
</engineerTo>
<adequatelyNormalized>NO</adequatelyNormalized>
<expectedVolumes>0</expectedVolumes>
<fwdEngineeringStrategyName>Single Table</fwdEngineeringStrategyName>
<growthPercent>0</growthPercent>
<growthType>Year</growthType>
<maxVolumes>9999999</maxVolumes>
<minVolumes>0</minVolumes>
<normalForm>Third</normalForm>
<attributes itemClass="oracle.dbtools.crest.model.design.logical.Attribute">
<Attribute name="id" id="FD8CA6EC-6F71-F218-4478-E568E9E420A3">
<createdBy>Pato</createdBy>
<createdTime>2021-05-12 01:28:58 UTC</createdTime>
<ownerDesignName>proyecto-semestra-pbd</ownerDesignName>
<engineerTo>
<item key="42384067-412E-85A9-7517-AF1255212622" value="true"/>
</engineerTo>
<useDomainConstraints>false</useDomainConstraints>
<use>1</use>
<logicalDatatype>LOGDT011</logicalDatatype>
<ownDataTypeParameters>,,</ownDataTypeParameters>
</Attribute>
<Attribute name="id1" id="767190C9-8BA7-A0B0-86C8-F5622D38A7D6">
<createdBy>Pato</createdBy>
<createdTime>2021-05-15 16:47:51 UTC</createdTime>
<generatorID>A93C489A-AFFB-41E0-EBEA-3A741005A5DB</generatorID>
<ownerDesignName>proyecto-semestra-pbd</ownerDesignName>
<engineerTo>
<item key="42384067-412E-85A9-7517-AF1255212622" value="true"/>
</engineerTo>
<referedAttribute>A9856065-E3B7-BD1E-6346-87E56781D422</referedAttribute>
<useDomainConstraints>false</useDomainConstraints>
<use>1</use>
<logicalDatatype>LOGDT011</logicalDatatype>
<ownDataTypeParameters>,,</ownDataTypeParameters>
</Attribute>
<Attribute name="id2" id="D2B84053-5C26-62FE-9BD6-78D1006457F4">
<createdBy>Pato</createdBy>
<createdTime>2021-05-15 16:49:42 UTC</createdTime>
<generatorID>4F5BD126-B77A-C7D8-07C1-BE084DE82435</generatorID>
<ownerDesignName>proyecto-semestra-pbd</ownerDesignName>
<engineerTo>
<item key="42384067-412E-85A9-7517-AF1255212622" value="true"/>
</engineerTo>
<referedAttribute>739057B0-958A-805C-BFCC-BA31717339A2</referedAttribute>
<useDomainConstraints>false</useDomainConstraints>
<use>1</use>
<logicalDatatype>LOGDT011</logicalDatatype>
<ownDataTypeParameters>,,</ownDataTypeParameters>
</Attribute>
<Attribute name="id3" id="F4FA1EF0-7E92-2BB1-4939-5E3F2E824E81">
<createdBy>Pato</createdBy>
<createdTime>2021-05-15 16:51:38 UTC</createdTime>
<generatorID>67D9D31B-0E05-457A-45DB-4C3C060362F0</generatorID>
<ownerDesignName>proyecto-semestra-pbd</ownerDesignName>
<engineerTo>
<item key="42384067-412E-85A9-7517-AF1255212622" value="true"/>
</engineerTo>
<referedAttribute>A9C403A8-17E3-90D5-0F72-2CF46D819827</referedAttribute>
<useDomainConstraints>false</useDomainConstraints>
<use>1</use>
<logicalDatatype>LOGDT011</logicalDatatype>
<ownDataTypeParameters>,,</ownDataTypeParameters>
</Attribute>
<Attribute name="id4" id="A7BE1BDD-A834-DDA4-6AA1-EC4F53719B3E">
<createdBy>Pato</createdBy>
<createdTime>2021-05-15 16:52:44 UTC</createdTime>
<generatorID>66EFEBD2-205B-F971-DEB5-56DA90DAB4FA</generatorID>
<ownerDesignName>proyecto-semestra-pbd</ownerDesignName>
<engineerTo>
<item key="42384067-412E-85A9-7517-AF1255212622" value="true"/>
</engineerTo>
<referedAttribute>0CDCF589-11FC-637C-8FF2-4E57C6FD7418</referedAttribute>
<useDomainConstraints>false</useDomainConstraints>
<use>1</use>
<logicalDatatype>LOGDT011</logicalDatatype>
<ownDataTypeParameters>,,</ownDataTypeParameters>
</Attribute>
<Attribute name="id5" id="4840B86E-270B-BC31-41D9-BC6612C23746">
<createdBy>Pato</createdBy>
<createdTime>2021-05-15 16:53:37 UTC</createdTime>
<generatorID>23D22A52-0C0E-7A13-099B-442061518B70</generatorID>
<ownerDesignName>proyecto-semestra-pbd</ownerDesignName>
<engineerTo>
<item key="42384067-412E-85A9-7517-AF1255212622" value="true"/>
</engineerTo>
<referedAttribute>C10A4DEB-400A-0AB1-9100-165670A99A94</referedAttribute>
<useDomainConstraints>false</useDomainConstraints>
<use>1</use>
<logicalDatatype>LOGDT011</logicalDatatype>
<ownDataTypeParameters>,,</ownDataTypeParameters>
</Attribute>
</attributes>
<identifiers itemClass="oracle.dbtools.crest.model.design.logical.CandidateKey">
<identifier id="7CA65248-6BD1-4D5E-2A3F-ABECBD2E263F" name="estudios PK">
<createdBy>Pato</createdBy>
<createdTime>2021-05-12 01:29:05 UTC</createdTime>
<ownerDesignName>proyecto-semestra-pbd</ownerDesignName>
<engineerTo>
<item key="42384067-412E-85A9-7517-AF1255212622" value="true"/>
</engineerTo>
<pk>true</pk>
<usedAttributes>
<attributeRef>FD8CA6EC-6F71-F218-4478-E568E9E420A3</attributeRef>
</usedAttributes>
</identifier>
</identifiers>
</Entity>
