<?xml version = '1.0' encoding = 'UTF-8'?>
<Entity class="oracle.dbtools.crest.model.design.logical.Entity" directorySegmentName="seg_0" id="C14B35E6-D65A-25F6-C192-7BAD3057C63E" name="Tipos_Titulo">
<createdBy>Pato</createdBy>
<createdTime>2021-05-15 16:33:36 UTC</createdTime>
<ownerDesignName>proyecto-semestra-pbd</ownerDesignName>
<engineerTo>
<item key="42384067-412E-85A9-7517-AF1255212622" value="true"/>
</engineerTo>
<adequatelyNormalized>NO</adequatelyNormalized>
<expectedVolumes>0</expectedVolumes>
<fwdEngineeringStrategyName>Single Table</fwdEngineeringStrategyName>
<growthPercent>0</growthPercent>
<growthType>Year</growthType>
<maxVolumes>9999999</maxVolumes>
<minVolumes>0</minVolumes>
<normalForm>Third</normalForm>
<attributes itemClass="oracle.dbtools.crest.model.design.logical.Attribute">
<Attribute name="id" id="79CC56D3-BD5C-74BF-715A-2A74A7E19A81">
<createdBy>Pato</createdBy>
<createdTime>2021-05-15 16:33:55 UTC</createdTime>
<ownerDesignName>proyecto-semestra-pbd</ownerDesignName>
<engineerTo>
<item key="42384067-412E-85A9-7517-AF1255212622" value="true"/>
</engineerTo>
<useDomainConstraints>false</useDomainConstraints>
<use>1</use>
<logicalDatatype>LOGDT011</logicalDatatype>
<ownDataTypeParameters>,,</ownDataTypeParameters>
</Attribute>
<Attribute name="tipo_titulo" id="A045D719-5DF7-163F-8F09-D78401B0DA12">
<createdBy>Pato</createdBy>
<createdTime>2021-05-15 16:34:18 UTC</createdTime>
<ownerDesignName>proyecto-semestra-pbd</ownerDesignName>
<engineerTo>
<item key="42384067-412E-85A9-7517-AF1255212622" value="true"/>
</engineerTo>
<useDomainConstraints>false</useDomainConstraints>
<use>1</use>
<logicalDatatype>LOGDT024</logicalDatatype>
<dataTypeSize>50</dataTypeSize>
<ownDataTypeParameters>50,,</ownDataTypeParameters>
</Attribute>
</attributes>
<identifiers itemClass="oracle.dbtools.crest.model.design.logical.CandidateKey">
<identifier id="6EE47DE2-B120-09BD-E2AF-4AC6ECA51B88" name="Tipos_Titulo PK">
<createdBy>Pato</createdBy>
<createdTime>2021-05-15 16:34:14 UTC</createdTime>
<ownerDesignName>proyecto-semestra-pbd</ownerDesignName>
<engineerTo>
<item key="42384067-412E-85A9-7517-AF1255212622" value="true"/>
</engineerTo>
<pk>true</pk>
<newElementsIDs>79CC56D3-BD5C-74BF-715A-2A74A7E19A81</newElementsIDs>
<usedAttributes>
<attributeRef>79CC56D3-BD5C-74BF-715A-2A74A7E19A81</attributeRef>
</usedAttributes>
</identifier>
</identifiers>
</Entity>
