<?xml version = '1.0' encoding = 'UTF-8'?>
<Entity class="oracle.dbtools.crest.model.design.logical.Entity" directorySegmentName="seg_0" id="FCD3F2FF-F1FD-79EF-4D90-45B3679AFF35" name="Subespecialidades">
<createdBy>Pato</createdBy>
<createdTime>2021-05-15 18:02:12 UTC</createdTime>
<ownerDesignName>proyecto-semestra-pbd</ownerDesignName>
<engineerTo>
<item key="42384067-412E-85A9-7517-AF1255212622" value="true"/>
</engineerTo>
<adequatelyNormalized>NO</adequatelyNormalized>
<expectedVolumes>0</expectedVolumes>
<fwdEngineeringStrategyName>Single Table</fwdEngineeringStrategyName>
<growthPercent>0</growthPercent>
<growthType>Year</growthType>
<maxVolumes>9999999</maxVolumes>
<minVolumes>0</minVolumes>
<normalForm>Third</normalForm>
<attributes itemClass="oracle.dbtools.crest.model.design.logical.Attribute">
<Attribute name="id" id="DC2582DE-34E8-14BF-588F-6F6F38846600">
<createdBy>Pato</createdBy>
<createdTime>2021-05-15 18:02:19 UTC</createdTime>
<ownerDesignName>proyecto-semestra-pbd</ownerDesignName>
<engineerTo>
<item key="42384067-412E-85A9-7517-AF1255212622" value="true"/>
</engineerTo>
<useDomainConstraints>false</useDomainConstraints>
<use>1</use>
<logicalDatatype>LOGDT011</logicalDatatype>
<ownDataTypeParameters>,,</ownDataTypeParameters>
</Attribute>
<Attribute name="subespecialidad" id="AA502BE5-0A30-6E04-22EA-486593FFB5A4">
<createdBy>Pato</createdBy>
<createdTime>2021-05-15 18:02:27 UTC</createdTime>
<ownerDesignName>proyecto-semestra-pbd</ownerDesignName>
<engineerTo>
<item key="42384067-412E-85A9-7517-AF1255212622" value="true"/>
</engineerTo>
<useDomainConstraints>false</useDomainConstraints>
<use>1</use>
<logicalDatatype>LOGDT024</logicalDatatype>
<dataTypeSize>50</dataTypeSize>
<ownDataTypeParameters>50,,</ownDataTypeParameters>
</Attribute>
</attributes>
<identifiers itemClass="oracle.dbtools.crest.model.design.logical.CandidateKey">
<identifier id="A0C50CF7-DAD5-F254-9805-7DEF2A6BF89A" name="Subespecialidades PK">
<createdBy>Pato</createdBy>
<createdTime>2021-05-15 18:02:26 UTC</createdTime>
<ownerDesignName>proyecto-semestra-pbd</ownerDesignName>
<engineerTo>
<item key="42384067-412E-85A9-7517-AF1255212622" value="true"/>
</engineerTo>
<pk>true</pk>
<usedAttributes>
<attributeRef>DC2582DE-34E8-14BF-588F-6F6F38846600</attributeRef>
</usedAttributes>
</identifier>
</identifiers>
</Entity>
