<?xml version = '1.0' encoding = 'UTF-8'?>
<Diagram class="oracle.dbtools.crest.swingui.logical.DPVLogical" name="Logical" id="3FA18B01-A3E7-D468-E4A3-808092DC94A4">
<createdBy>Pato</createdBy>
<modifiedBy>Pato</modifiedBy>
<createdTime>2021-05-12 00:36:06 UTC</createdTime>
<autoRoute>false</autoRoute>
<boxInbox>true</boxInbox>
<showLegend>false</showLegend>
<showLabels>false</showLabels>
<showRelAttributes>false</showRelAttributes>
<gridEnabled>false</gridEnabled>
<showGrid>false</showGrid>
<diagramColor>-1</diagramColor>
<display>false</display>
<notation>0</notation>
<objectViews>
<OView class="oracle.dbtools.crest.swingui.logical.TVEntity" oid="0649A4E8-9577-E98E-6C03-7230C60E180D" otype="Entity" vid="D7C705C0-6BBD-A349-FF91-1CE8D50BDB4A">
<hideElementsInCurrentOnly>false</hideElementsInCurrentOnly>
<bounds x="1484" y="1066" width="179" height="132"/>
</OView>
<OView class="oracle.dbtools.crest.swingui.logical.TVEntity" oid="0A0564A7-93C7-868E-1BC9-834A4A34F868" otype="Entity" vid="4585E7D0-9487-1FA6-F4CC-0370B3124D46">
<hideElementsInCurrentOnly>false</hideElementsInCurrentOnly>
<bounds x="1232" y="968" width="190" height="97"/>
</OView>
<OView class="oracle.dbtools.crest.swingui.logical.TVEntity" oid="0D11F998-32FD-4708-2C81-F6FE98B7EB7A" otype="Entity" vid="CA6F0351-8CC1-20F9-2FBD-78B59D3D9EFB">
<hideElementsInCurrentOnly>false</hideElementsInCurrentOnly>
<bounds x="345" y="1394" width="123" height="102"/>
</OView>
<OView class="oracle.dbtools.crest.swingui.logical.TVEntity" oid="0E29A4B5-E0CB-F45C-BC76-890AA74BB1A8" otype="Entity" vid="4B71BFA2-9E09-29EF-7236-B59C6C9810B8">
<hideElementsInCurrentOnly>false</hideElementsInCurrentOnly>
<bounds x="1553" y="1447" width="196" height="100"/>
</OView>
<OView class="oracle.dbtools.crest.swingui.logical.TVEntity" oid="2F4A2813-DAF6-7214-70B3-D86D87271598" otype="Entity" vid="690967E7-23E5-EA61-9BF2-6357A03CE6B8">
<hideElementsInCurrentOnly>false</hideElementsInCurrentOnly>
<bounds x="365" y="893" width="192" height="146"/>
</OView>
<OView class="oracle.dbtools.crest.swingui.logical.TVEntity" oid="32ABFCE2-A735-2D75-9A70-D1E0A86DD987" otype="Entity" vid="CBDE517E-12F8-1AF7-BA29-5BBB49B67101">
<hideElementsInCurrentOnly>false</hideElementsInCurrentOnly>
<bounds x="944" y="993" width="210" height="116"/>
</OView>
<OView class="oracle.dbtools.crest.swingui.logical.TVEntity" oid="337F5F43-0F3C-AFCA-DEC2-ABFD0D595C34" otype="Entity" vid="73995EE2-6380-865F-0100-C3BD4D031813">
<hideElementsInCurrentOnly>false</hideElementsInCurrentOnly>
<bounds x="649" y="30" width="169" height="167"/>
</OView>
<OView class="oracle.dbtools.crest.swingui.logical.TVEntity" oid="36DD0C4E-8970-0B73-3820-ABCCC8617958" otype="Entity" vid="0A5647E5-6A7F-34DA-CC94-216BA14E8091">
<hideElementsInCurrentOnly>false</hideElementsInCurrentOnly>
<bounds x="1286" y="846" width="215" height="72"/>
</OView>
<OView class="oracle.dbtools.crest.swingui.logical.TVEntity" oid="40A0D03C-1533-4289-9AEE-CCDBF9C9152C" otype="Entity" vid="19C22A05-E380-831C-1E10-17D7FAD573EF">
<hideElementsInCurrentOnly>false</hideElementsInCurrentOnly>
<bounds x="1746" y="889" width="147" height="153"/>
</OView>
<OView class="oracle.dbtools.crest.swingui.logical.TVEntity" oid="436C2EBB-CF49-58B5-1ADA-0F49F632472C" otype="Entity" vid="01D3740E-8267-1E29-AE10-CF15606339F2">
<hideElementsInCurrentOnly>false</hideElementsInCurrentOnly>
<bounds x="1231" y="1435" width="206" height="123"/>
</OView>
<OView class="oracle.dbtools.crest.swingui.logical.TVEntity" oid="4E07B792-7F23-08D3-B155-64D041F6CE25" otype="Entity" vid="24E59947-A7C2-E988-EB42-0B67B47ECEB4">
<hideElementsInCurrentOnly>false</hideElementsInCurrentOnly>
<bounds x="1046" y="809" width="185" height="134"/>
</OView>
<OView class="oracle.dbtools.crest.swingui.logical.TVEntity" oid="56599147-E7BE-493E-0BEF-B519EAC648B6" otype="Entity" vid="9C51B3E0-A85C-43AB-17E6-9D2F9E9D594D">
<hideElementsInCurrentOnly>false</hideElementsInCurrentOnly>
<bounds x="311" y="1237" width="162" height="107"/>
</OView>
<OView class="oracle.dbtools.crest.swingui.logical.TVEntity" oid="76F06E26-F8AF-4679-07E8-B898CE87FE3C" otype="Entity" vid="3B96FF97-C2F5-D541-B3C5-D40CEC2278C5">
<hideElementsInCurrentOnly>false</hideElementsInCurrentOnly>
<bounds x="719" y="389" width="275" height="325"/>
</OView>
<OView class="oracle.dbtools.crest.swingui.logical.TVEntity" oid="7BF7BCE9-8FAE-36F8-7E4C-1EF83FF4D51C" otype="Entity" vid="4414D62B-F74E-115C-0CA2-460842F5C6C8">
<hideElementsInCurrentOnly>false</hideElementsInCurrentOnly>
<bounds x="1556" y="1245" width="195" height="120"/>
</OView>
<OView class="oracle.dbtools.crest.swingui.logical.TVEntity" oid="7FE5B16E-206D-BF9B-6C52-7818D2ECACD5" otype="Entity" vid="8A8EDD85-76AD-150B-C56C-F189327B9D76">
<hideElementsInCurrentOnly>false</hideElementsInCurrentOnly>
<bounds x="1220" y="85" width="228" height="261"/>
</OView>
<OView class="oracle.dbtools.crest.swingui.logical.TVEntity" oid="822E5849-DA11-6D5F-6BC9-0D37B7E5EA0E" otype="Entity" vid="7041CD72-F09F-66B2-FF0F-59FA3BD4D0FA">
<hideElementsInCurrentOnly>false</hideElementsInCurrentOnly>
<bounds x="1349" y="674" width="234" height="79"/>
</OView>
<OView class="oracle.dbtools.crest.swingui.logical.TVEntity" oid="8B63BC88-02D2-1C9E-4328-4E2577A160BC" otype="Entity" vid="8BE2ECAF-95C2-4D7E-767B-0784A797BC19">
<hideElementsInCurrentOnly>false</hideElementsInCurrentOnly>
<bounds x="704" y="890" width="196" height="149"/>
</OView>
<OView class="oracle.dbtools.crest.swingui.logical.TVEntity" oid="9813663E-D4C2-7A50-34F1-67A523D22E58" otype="Entity" vid="0B0C556D-668A-FEE2-C08D-79A13955CEC5">
<hideElementsInCurrentOnly>false</hideElementsInCurrentOnly>
<bounds x="19" y="963" width="218" height="149"/>
</OView>
<OView class="oracle.dbtools.crest.swingui.logical.TVEntity" oid="9C8AC3C8-9071-571A-8447-026A2AF7AAD6" otype="Entity" vid="FE6EE32F-6528-32A1-56E6-ECF7BAB3DAC8">
<hideElementsInCurrentOnly>false</hideElementsInCurrentOnly>
<bounds x="374" y="510" width="248" height="160"/>
</OView>
<OView class="oracle.dbtools.crest.swingui.logical.TVEntity" oid="A7A918E6-6072-B784-AC6C-66F868717DCA" otype="Entity" vid="A5ECE1D5-2E7F-DD5C-B817-31789A0FF0BA">
<hideElementsInCurrentOnly>false</hideElementsInCurrentOnly>
<bounds x="1826" y="688" width="181" height="92"/>
</OView>
<OView class="oracle.dbtools.crest.swingui.logical.TVEntity" oid="A82443DF-69F9-1356-064A-A67A440AB86C" otype="Entity" vid="6A6730FB-2AF1-7272-4BA6-A190CBED3A96">
<hideElementsInCurrentOnly>false</hideElementsInCurrentOnly>
<bounds x="84" y="302" width="207" height="173"/>
</OView>
<OView class="oracle.dbtools.crest.swingui.logical.TVEntity" oid="A86C695F-5935-0760-BA05-F427EF160770" otype="Entity" vid="BADEEB06-E16F-CEB4-CEF2-AF50E3E6908D">
<hideElementsInCurrentOnly>false</hideElementsInCurrentOnly>
<bounds x="132" y="558" width="158" height="148"/>
</OView>
<OView class="oracle.dbtools.crest.swingui.logical.TVEntity" oid="AD90547A-78EF-2E90-43A5-F61E98005BDD" otype="Entity" vid="9FE232A8-5FCF-D437-4A12-8B2E14C924FB">
<hideElementsInCurrentOnly>false</hideElementsInCurrentOnly>
<bounds x="668" y="1151" width="230" height="194"/>
</OView>
<OView class="oracle.dbtools.crest.swingui.logical.TVEntity" oid="B8032DF4-5C2E-8E64-350E-7C73CCBE784B" otype="Entity" vid="76D49DA8-7762-DB08-9A4B-93412F564B9C">
<hideElementsInCurrentOnly>false</hideElementsInCurrentOnly>
<bounds x="911" y="21" width="238" height="209"/>
</OView>
<OView class="oracle.dbtools.crest.swingui.logical.TVEntity" oid="B833E89C-6A9C-717B-847A-3243B120D388" otype="Entity" vid="20D9DE9B-BF34-BA25-B1EA-5F8AA3285391">
<hideElementsInCurrentOnly>false</hideElementsInCurrentOnly>
<bounds x="383" y="274" width="209" height="134"/>
</OView>
<OView class="oracle.dbtools.crest.swingui.logical.TVEntity" oid="BBC1D6AC-EC49-079F-C74D-02611184963F" otype="Entity" vid="D94C1321-0A80-5492-F55C-3D68AD1E6DF2">
<hideElementsInCurrentOnly>false</hideElementsInCurrentOnly>
<bounds x="1391" y="414" width="198" height="201"/>
</OView>
<OView class="oracle.dbtools.crest.swingui.logical.TVEntity" oid="C14B35E6-D65A-25F6-C192-7BAD3057C63E" otype="Entity" vid="D11FA841-31A6-B0F7-99FD-8E1E1D1501B4">
<hideElementsInCurrentOnly>false</hideElementsInCurrentOnly>
<bounds x="1534" y="65" width="165" height="103"/>
</OView>
<OView class="oracle.dbtools.crest.swingui.logical.TVEntity" oid="D16B7CCE-A38C-B6C1-8328-F9CA11CAF406" otype="Entity" vid="217713B2-DEDD-E51D-0483-BDD6E24182C4">
<hideElementsInCurrentOnly>false</hideElementsInCurrentOnly>
<bounds x="1701" y="404" width="177" height="103"/>
</OView>
<OView class="oracle.dbtools.crest.swingui.logical.TVEntity" oid="D4ADC72C-068C-A52C-601B-0CF4C811FA23" otype="Entity" vid="226A4F0C-FAA6-0AF0-E890-C4379CEAAEC7">
<hideElementsInCurrentOnly>false</hideElementsInCurrentOnly>
<bounds x="1223" y="1222" width="205" height="113"/>
</OView>
<OView class="oracle.dbtools.crest.swingui.logical.TVEntity" oid="D4C46F4A-F6E4-EE61-0F37-65F04F7779B7" otype="Entity" vid="A93463C8-3709-4F26-FFE0-F0C341D70100">
<hideElementsInCurrentOnly>false</hideElementsInCurrentOnly>
<bounds x="401" y="1070" width="244" height="131"/>
</OView>
<OView class="oracle.dbtools.crest.swingui.logical.TVEntity" oid="D840B83F-EECF-095C-1A0E-2F05A4D7ABD7" otype="Entity" vid="5A636C46-41D8-7C17-6799-ECBAF19614BB">
<hideElementsInCurrentOnly>false</hideElementsInCurrentOnly>
<bounds x="36" y="752" width="173" height="183"/>
</OView>
<OView class="oracle.dbtools.crest.swingui.logical.TVEntity" oid="E5BAB42E-99F8-803F-98E9-3EF0DC8B8246" otype="Entity" vid="DE158F90-F526-3A4D-BB92-700BF13823B2">
<hideElementsInCurrentOnly>false</hideElementsInCurrentOnly>
<bounds x="63" y="62" width="253" height="146"/>
</OView>
<OView class="oracle.dbtools.crest.swingui.logical.TVEntity" oid="FCD3F2FF-F1FD-79EF-4D90-45B3679AFF35" otype="Entity" vid="BAA16F80-DFBC-7076-C852-32EE0894193D">
<hideElementsInCurrentOnly>false</hideElementsInCurrentOnly>
<bounds x="629" y="1424" width="195" height="130"/>
</OView>
</objectViews>
<connectors>
<Connector class="oracle.dbtools.crest.swingui.logical.TVRelation" oid="04A49D93-CD1A-1F11-4804-7B47697CDA5E" otype="Relation" vid_source="3B96FF97-C2F5-D541-B3C5-D40CEC2278C5" vid_target="24E59947-A7C2-E988-EB42-0B67B47ECEB4">
<hideElementsInCurrentOnly>false</hideElementsInCurrentOnly>
<backgroundColor>-16777216</backgroundColor>
<lineWidth>1</lineWidth>
<points>
<point x="994" y="709"/>
<point x="1080" y="809"/>
</points>
</Connector>
<Connector class="oracle.dbtools.crest.swingui.logical.TVRelation" oid="081F9AB0-D566-118A-6323-41B0B08344DF" otype="Relation" vid_source="19C22A05-E380-831C-1E10-17D7FAD573EF" vid_target="D7C705C0-6BBD-A349-FF91-1CE8D50BDB4A">
<hideElementsInCurrentOnly>false</hideElementsInCurrentOnly>
<backgroundColor>-16777216</backgroundColor>
<lineWidth>1</lineWidth>
<points>
<point x="1746" y="1015"/>
<point x="1663" y="1071"/>
</points>
</Connector>
<Connector class="oracle.dbtools.crest.swingui.logical.TVRelation" oid="0DB06941-C44D-F71E-1E83-CCE165457603" otype="Relation" vid_source="3B96FF97-C2F5-D541-B3C5-D40CEC2278C5" vid_target="CBDE517E-12F8-1AF7-BA29-5BBB49B67101">
<hideElementsInCurrentOnly>false</hideElementsInCurrentOnly>
<backgroundColor>-16777216</backgroundColor>
<lineWidth>1</lineWidth>
<points>
<point x="969" y="714"/>
<point x="969" y="993"/>
</points>
</Connector>
<Connector class="oracle.dbtools.crest.swingui.logical.TVRelation" oid="179BF85F-6617-61B5-D9D3-3328FF61B9BD" otype="Relation" vid_source="4585E7D0-9487-1FA6-F4CC-0370B3124D46" vid_target="CBDE517E-12F8-1AF7-BA29-5BBB49B67101">
<hideElementsInCurrentOnly>false</hideElementsInCurrentOnly>
<backgroundColor>-16777216</backgroundColor>
<lineWidth>1</lineWidth>
<points>
<point x="1232" y="1029"/>
<point x="1154" y="1029"/>
</points>
</Connector>
<Connector class="oracle.dbtools.crest.swingui.logical.TVRelation" oid="1B52C3FE-5E6D-69CE-0421-1C50E3B64D24" otype="Relation" vid_source="20D9DE9B-BF34-BA25-B1EA-5F8AA3285391" vid_target="FE6EE32F-6528-32A1-56E6-ECF7BAB3DAC8">
<hideElementsInCurrentOnly>false</hideElementsInCurrentOnly>
<backgroundColor>-16777216</backgroundColor>
<lineWidth>1</lineWidth>
<points>
<point x="487" y="408"/>
<point x="487" y="510"/>
</points>
</Connector>
<Connector class="oracle.dbtools.crest.swingui.logical.TVRelation" oid="230E1B9D-7DAB-8DD6-9D35-625DF7833247" otype="Relation" vid_source="226A4F0C-FAA6-0AF0-E890-C4379CEAAEC7" vid_target="9FE232A8-5FCF-D437-4A12-8B2E14C924FB">
<hideElementsInCurrentOnly>false</hideElementsInCurrentOnly>
<backgroundColor>-16777216</backgroundColor>
<lineWidth>1</lineWidth>
<points>
<point x="1223" y="1293"/>
<point x="898" y="1293"/>
</points>
</Connector>
<Connector class="oracle.dbtools.crest.swingui.logical.TVRelation" oid="23D22A52-0C0E-7A13-099B-442061518B70" otype="Relation" vid_source="7041CD72-F09F-66B2-FF0F-59FA3BD4D0FA" vid_target="D94C1321-0A80-5492-F55C-3D68AD1E6DF2">
<hideElementsInCurrentOnly>false</hideElementsInCurrentOnly>
<backgroundColor>-16777216</backgroundColor>
<lineWidth>1</lineWidth>
<points>
<point x="1487" y="674"/>
<point x="1487" y="615"/>
</points>
</Connector>
<Connector class="oracle.dbtools.crest.swingui.logical.TVRelation" oid="27223B86-4ADD-736A-4146-1F03E29AD773" otype="Relation" vid_source="3B96FF97-C2F5-D541-B3C5-D40CEC2278C5" vid_target="FE6EE32F-6528-32A1-56E6-ECF7BAB3DAC8">
<hideElementsInCurrentOnly>false</hideElementsInCurrentOnly>
<backgroundColor>-16777216</backgroundColor>
<lineWidth>1</lineWidth>
<points>
<point x="719" y="590"/>
<point x="622" y="590"/>
</points>
</Connector>
<Connector class="oracle.dbtools.crest.swingui.logical.TVRelation" oid="290C11BD-3156-C99D-5C24-CF1F4686B225" otype="Relation" vid_source="76D49DA8-7762-DB08-9A4B-93412F564B9C" vid_target="3B96FF97-C2F5-D541-B3C5-D40CEC2278C5">
<hideElementsInCurrentOnly>false</hideElementsInCurrentOnly>
<backgroundColor>-16777216</backgroundColor>
<lineWidth>1</lineWidth>
<points>
<point x="952" y="230"/>
<point x="952" y="389"/>
</points>
</Connector>
<Connector class="oracle.dbtools.crest.swingui.logical.TVRelation" oid="3B0E29C8-BD8D-5B48-C5D5-D85F39511108" otype="Relation" vid_source="BADEEB06-E16F-CEB4-CEF2-AF50E3E6908D" vid_target="FE6EE32F-6528-32A1-56E6-ECF7BAB3DAC8">
<hideElementsInCurrentOnly>false</hideElementsInCurrentOnly>
<backgroundColor>-16777216</backgroundColor>
<lineWidth>1</lineWidth>
<points>
<point x="290" y="614"/>
<point x="374" y="614"/>
</points>
</Connector>
<Connector class="oracle.dbtools.crest.swingui.logical.TVRelation" oid="4F5BD126-B77A-C7D8-07C1-BE084DE82435" otype="Relation" vid_source="19C22A05-E380-831C-1E10-17D7FAD573EF" vid_target="D94C1321-0A80-5492-F55C-3D68AD1E6DF2">
<hideElementsInCurrentOnly>false</hideElementsInCurrentOnly>
<backgroundColor>-16777216</backgroundColor>
<lineWidth>1</lineWidth>
<points>
<point x="1763" y="889"/>
<point x="1563" y="615"/>
</points>
</Connector>
<Connector class="oracle.dbtools.crest.swingui.logical.TVRelation" oid="642D3C26-6E39-EF13-56F1-91C5C04B6721" otype="Relation" vid_source="6A6730FB-2AF1-7272-4BA6-A190CBED3A96" vid_target="BADEEB06-E16F-CEB4-CEF2-AF50E3E6908D">
<hideElementsInCurrentOnly>false</hideElementsInCurrentOnly>
<backgroundColor>-16777216</backgroundColor>
<lineWidth>1</lineWidth>
<points>
<point x="211" y="475"/>
<point x="211" y="558"/>
</points>
</Connector>
<Connector class="oracle.dbtools.crest.swingui.logical.TVRelation" oid="66EFEBD2-205B-F971-DEB5-56DA90DAB4FA" otype="Relation" vid_source="A5ECE1D5-2E7F-DD5C-B817-31789A0FF0BA" vid_target="D94C1321-0A80-5492-F55C-3D68AD1E6DF2">
<hideElementsInCurrentOnly>false</hideElementsInCurrentOnly>
<backgroundColor>-16777216</backgroundColor>
<lineWidth>1</lineWidth>
<points>
<point x="1827" y="688"/>
<point x="1589" y="565"/>
</points>
</Connector>
<Connector class="oracle.dbtools.crest.swingui.logical.TVRelation" oid="67D9D31B-0E05-457A-45DB-4C3C060362F0" otype="Relation" vid_source="217713B2-DEDD-E51D-0483-BDD6E24182C4" vid_target="D94C1321-0A80-5492-F55C-3D68AD1E6DF2">
<hideElementsInCurrentOnly>false</hideElementsInCurrentOnly>
<backgroundColor>-16777216</backgroundColor>
<lineWidth>1</lineWidth>
<points>
<point x="1701" y="460"/>
<point x="1589" y="460"/>
</points>
</Connector>
<Connector class="oracle.dbtools.crest.swingui.logical.TVRelation" oid="7213FE1C-E3C4-0D47-897D-5810ED49C351" otype="Relation" vid_source="0A5647E5-6A7F-34DA-CC94-216BA14E8091" vid_target="24E59947-A7C2-E988-EB42-0B67B47ECEB4">
<hideElementsInCurrentOnly>false</hideElementsInCurrentOnly>
<backgroundColor>-16777216</backgroundColor>
<lineWidth>1</lineWidth>
<points>
<point x="1286" y="882"/>
<point x="1231" y="882"/>
</points>
</Connector>
<Connector class="oracle.dbtools.crest.swingui.logical.TVRelation" oid="93D23B8C-8E5E-5B69-3594-0B3B91C4958F" otype="Relation" vid_source="3B96FF97-C2F5-D541-B3C5-D40CEC2278C5" vid_target="A93463C8-3709-4F26-FFE0-F0C341D70100">
<hideElementsInCurrentOnly>false</hideElementsInCurrentOnly>
<backgroundColor>-16777216</backgroundColor>
<lineWidth>1</lineWidth>
<points>
<point x="763" y="714"/>
<point x="545" y="1070"/>
</points>
</Connector>
<Connector class="oracle.dbtools.crest.swingui.logical.TVRelation" oid="9B5E47DA-13A2-A6C3-8321-3D0FB8498003" otype="Relation" vid_source="3B96FF97-C2F5-D541-B3C5-D40CEC2278C5" vid_target="690967E7-23E5-EA61-9BF2-6357A03CE6B8">
<hideElementsInCurrentOnly>false</hideElementsInCurrentOnly>
<backgroundColor>-16777216</backgroundColor>
<lineWidth>1</lineWidth>
<points>
<point x="719" y="695"/>
<point x="515" y="893"/>
</points>
</Connector>
<Connector class="oracle.dbtools.crest.swingui.logical.TVRelation" oid="9C3C3FCA-DFC2-870C-319D-525E82748F3E" otype="Relation" vid_source="D11FA841-31A6-B0F7-99FD-8E1E1D1501B4" vid_target="8A8EDD85-76AD-150B-C56C-F189327B9D76">
<hideElementsInCurrentOnly>false</hideElementsInCurrentOnly>
<backgroundColor>-16777216</backgroundColor>
<lineWidth>1</lineWidth>
<points>
<point x="1534" y="126"/>
<point x="1448" y="126"/>
</points>
</Connector>
<Connector class="oracle.dbtools.crest.swingui.logical.TVRelation" oid="A307269D-BD67-8804-B13E-720ADF98D821" otype="Relation" vid_source="3B96FF97-C2F5-D541-B3C5-D40CEC2278C5" vid_target="5A636C46-41D8-7C17-6799-ECBAF19614BB">
<hideElementsInCurrentOnly>false</hideElementsInCurrentOnly>
<backgroundColor>-16777216</backgroundColor>
<lineWidth>1</lineWidth>
<points>
<point x="719" y="606"/>
<point x="209" y="809"/>
</points>
</Connector>
<Connector class="oracle.dbtools.crest.swingui.logical.TVRelation" oid="A6FEFE85-9025-20B9-FB40-C8D309ED286D" otype="Relation" vid_source="226A4F0C-FAA6-0AF0-E890-C4379CEAAEC7" vid_target="01D3740E-8267-1E29-AE10-CF15606339F2">
<hideElementsInCurrentOnly>false</hideElementsInCurrentOnly>
<backgroundColor>-16777216</backgroundColor>
<lineWidth>1</lineWidth>
<points>
<point x="1329" y="1335"/>
<point x="1329" y="1435"/>
</points>
</Connector>
<Connector class="oracle.dbtools.crest.swingui.logical.TVRelation" oid="A8B76A9D-D00A-4B22-36EB-E737D9DB6290" otype="Relation" vid_source="19C22A05-E380-831C-1E10-17D7FAD573EF" vid_target="3B96FF97-C2F5-D541-B3C5-D40CEC2278C5">
<hideElementsInCurrentOnly>false</hideElementsInCurrentOnly>
<backgroundColor>-16777216</backgroundColor>
<lineWidth>1</lineWidth>
<points>
<point x="1746" y="933"/>
<point x="994" y="610"/>
</points>
</Connector>
<Connector class="oracle.dbtools.crest.swingui.logical.TVRelation" oid="A93C489A-AFFB-41E0-EBEA-3A741005A5DB" otype="Relation" vid_source="3B96FF97-C2F5-D541-B3C5-D40CEC2278C5" vid_target="D94C1321-0A80-5492-F55C-3D68AD1E6DF2">
<hideElementsInCurrentOnly>false</hideElementsInCurrentOnly>
<backgroundColor>-16777216</backgroundColor>
<lineWidth>1</lineWidth>
<points>
<point x="994" y="529"/>
<point x="1391" y="529"/>
</points>
</Connector>
<Connector class="oracle.dbtools.crest.swingui.logical.TVRelation" oid="B50E0704-D151-F66E-7991-E2C2D8903304" otype="Relation" vid_source="DE158F90-F526-3A4D-BB92-700BF13823B2" vid_target="6A6730FB-2AF1-7272-4BA6-A190CBED3A96">
<hideElementsInCurrentOnly>false</hideElementsInCurrentOnly>
<backgroundColor>-16777216</backgroundColor>
<lineWidth>1</lineWidth>
<points>
<point x="187" y="208"/>
<point x="187" y="302"/>
</points>
</Connector>
<Connector class="oracle.dbtools.crest.swingui.logical.TVRelation" oid="C078AAF0-9855-0EA4-469F-D726259ACB3D" otype="Relation" vid_source="D7C705C0-6BBD-A349-FF91-1CE8D50BDB4A" vid_target="226A4F0C-FAA6-0AF0-E890-C4379CEAAEC7">
<hideElementsInCurrentOnly>false</hideElementsInCurrentOnly>
<backgroundColor>-16777216</backgroundColor>
<lineWidth>1</lineWidth>
<points>
<point x="1484" y="1184"/>
<point x="1391" y="1222"/>
</points>
</Connector>
<Connector class="oracle.dbtools.crest.swingui.logical.TVRelation" oid="C57DC65F-651A-CB33-F7DE-75D301283FB9" otype="Relation" vid_source="9FE232A8-5FCF-D437-4A12-8B2E14C924FB" vid_target="8BE2ECAF-95C2-4D7E-767B-0784A797BC19">
<hideElementsInCurrentOnly>false</hideElementsInCurrentOnly>
<backgroundColor>-16777216</backgroundColor>
<lineWidth>1</lineWidth>
<points>
<point x="801" y="1151"/>
<point x="801" y="1039"/>
</points>
</Connector>
<Connector class="oracle.dbtools.crest.swingui.logical.TVRelation" oid="C974FF81-2231-F825-B067-1EEF9E830A67" otype="Relation" vid_source="4414D62B-F74E-115C-0CA2-460842F5C6C8" vid_target="4B71BFA2-9E09-29EF-7236-B59C6C9810B8">
<hideElementsInCurrentOnly>false</hideElementsInCurrentOnly>
<backgroundColor>-16777216</backgroundColor>
<lineWidth>1</lineWidth>
<points>
<point x="1652" y="1365"/>
<point x="1652" y="1447"/>
</points>
</Connector>
<Connector class="oracle.dbtools.crest.swingui.logical.TVRelation" oid="CA5AD1AD-F0AD-9A7B-ACB0-316A29964756" otype="Relation" vid_source="CA6F0351-8CC1-20F9-2FBD-78B59D3D9EFB" vid_target="9C51B3E0-A85C-43AB-17E6-9D2F9E9D594D">
<hideElementsInCurrentOnly>false</hideElementsInCurrentOnly>
<backgroundColor>-16777216</backgroundColor>
<lineWidth>1</lineWidth>
<points>
<point x="406" y="1394"/>
<point x="406" y="1344"/>
</points>
</Connector>
<Connector class="oracle.dbtools.crest.swingui.logical.TVRelation" oid="CE3DBFDE-2B4C-009C-CD73-A0537FEF70AB" otype="Relation" vid_source="3B96FF97-C2F5-D541-B3C5-D40CEC2278C5" vid_target="8A8EDD85-76AD-150B-C56C-F189327B9D76">
<hideElementsInCurrentOnly>false</hideElementsInCurrentOnly>
<backgroundColor>-16777216</backgroundColor>
<lineWidth>1</lineWidth>
<points>
<point x="994" y="454"/>
<point x="1220" y="295"/>
</points>
</Connector>
<Connector class="oracle.dbtools.crest.swingui.logical.TVRelation" oid="D8448817-3E9B-91D3-98E1-415BCCBF18E5" otype="Relation" vid_source="3B96FF97-C2F5-D541-B3C5-D40CEC2278C5" vid_target="8BE2ECAF-95C2-4D7E-767B-0784A797BC19">
<hideElementsInCurrentOnly>false</hideElementsInCurrentOnly>
<backgroundColor>-16777216</backgroundColor>
<lineWidth>1</lineWidth>
<points>
<point x="809" y="714"/>
<point x="809" y="890"/>
</points>
</Connector>
<Connector class="oracle.dbtools.crest.swingui.logical.TVRelation" oid="DCC203FD-27E9-B615-7282-7911D6F27A9D" otype="Relation" vid_source="4B71BFA2-9E09-29EF-7236-B59C6C9810B8" vid_target="01D3740E-8267-1E29-AE10-CF15606339F2">
<hideElementsInCurrentOnly>false</hideElementsInCurrentOnly>
<backgroundColor>-16777216</backgroundColor>
<lineWidth>1</lineWidth>
<points>
<point x="1553" y="1497"/>
<point x="1437" y="1497"/>
</points>
</Connector>
<Connector class="oracle.dbtools.crest.swingui.logical.TVRelation" oid="ECC05C98-2545-03F7-C23F-6CED9A514B5A" otype="Relation" vid_source="3B96FF97-C2F5-D541-B3C5-D40CEC2278C5" vid_target="0B0C556D-668A-FEE2-C08D-79A13955CEC5">
<hideElementsInCurrentOnly>false</hideElementsInCurrentOnly>
<backgroundColor>-16777216</backgroundColor>
<lineWidth>1</lineWidth>
<points>
<point x="719" y="643"/>
<point x="237" y="964"/>
</points>
</Connector>
<Connector class="oracle.dbtools.crest.swingui.logical.TVRelation" oid="F4388116-9B3F-9FA2-78C7-7E1B611F6520" otype="Relation" vid_source="9FE232A8-5FCF-D437-4A12-8B2E14C924FB" vid_target="CA6F0351-8CC1-20F9-2FBD-78B59D3D9EFB">
<hideElementsInCurrentOnly>false</hideElementsInCurrentOnly>
<backgroundColor>-16777216</backgroundColor>
<lineWidth>1</lineWidth>
<points>
<point x="668" y="1308"/>
<point x="468" y="1412"/>
</points>
</Connector>
<Connector class="oracle.dbtools.crest.swingui.logical.TVRelation" oid="FA93396A-91B2-5FC8-4D56-E0EBEA6F5F9C" otype="Relation" vid_source="BAA16F80-DFBC-7076-C852-32EE0894193D" vid_target="9FE232A8-5FCF-D437-4A12-8B2E14C924FB">
<hideElementsInCurrentOnly>false</hideElementsInCurrentOnly>
<backgroundColor>-16777216</backgroundColor>
<lineWidth>1</lineWidth>
<points>
<point x="746" y="1424"/>
<point x="746" y="1345"/>
</points>
</Connector>
<Connector class="oracle.dbtools.crest.swingui.logical.TVRelation" oid="FAA41935-6B7C-CB7D-4E18-9282B6E540F5" otype="Relation" vid_source="73995EE2-6380-865F-0100-C3BD4D031813" vid_target="3B96FF97-C2F5-D541-B3C5-D40CEC2278C5">
<hideElementsInCurrentOnly>false</hideElementsInCurrentOnly>
<backgroundColor>-16777216</backgroundColor>
<lineWidth>1</lineWidth>
<points>
<point x="768" y="197"/>
<point x="768" y="389"/>
</points>
</Connector>
</connectors>
</Diagram>
