<?xml version = '1.0' encoding = 'UTF-8'?>
<Diagram class="oracle.dbtools.crest.swingui.relational.DPVRelational" name="Relational_1" id="A4E8057D-A098-8516-090D-88F27513C833">
<createdBy>Pato</createdBy>
<modifiedBy>Pato</modifiedBy>
<createdTime>2021-05-12 00:36:06 UTC</createdTime>
<autoRoute>false</autoRoute>
<boxInbox>true</boxInbox>
<showLegend>false</showLegend>
<showLabels>false</showLabels>
<showRelAttributes>false</showRelAttributes>
<gridEnabled>false</gridEnabled>
<showGrid>false</showGrid>
<diagramColor>-1</diagramColor>
<display>false</display>
<notation>1</notation>
<objectViews>
<OView class="oracle.dbtools.crest.swingui.relational.TVTable" oid="007143DF-CF1E-29D9-3A6E-00A44E39A846" otype="Table" vid="96EEAF4A-5FA9-7CFF-7F1A-A85199091604">
<hideElementsInCurrentOnly>false</hideElementsInCurrentOnly>
<bounds x="1339" y="414" width="284" height="221"/>
</OView>
<OView class="oracle.dbtools.crest.swingui.relational.TVTable" oid="12E4D310-94F6-89F3-5507-CBED75F33395" otype="Table" vid="8BBE36C4-BBC4-FF3B-0623-4F50310301EA">
<hideElementsInCurrentOnly>false</hideElementsInCurrentOnly>
<bounds x="19" y="963" width="218" height="149"/>
</OView>
<OView class="oracle.dbtools.crest.swingui.relational.TVTable" oid="1C5FBA45-A29F-77E8-9D82-55E1E2FBF314" otype="Table" vid="7970F4F2-16E3-7674-5561-A47BF7A9B805">
<hideElementsInCurrentOnly>false</hideElementsInCurrentOnly>
<bounds x="1220" y="85" width="228" height="261"/>
</OView>
<OView class="oracle.dbtools.crest.swingui.relational.TVTable" oid="1E0BCB49-6C35-5EBA-5BFD-3F645DCD1C92" otype="Table" vid="A53A8823-6868-F98E-AD40-3CFFD833F6BC">
<hideElementsInCurrentOnly>false</hideElementsInCurrentOnly>
<bounds x="1556" y="1245" width="195" height="120"/>
</OView>
<OView class="oracle.dbtools.crest.swingui.relational.TVTable" oid="2CA39E25-E09A-9BB0-E7E3-C15C86C073D6" otype="Table" vid="ACAB8BB4-CD51-5EEB-7156-1153C340CB3D">
<hideElementsInCurrentOnly>false</hideElementsInCurrentOnly>
<bounds x="311" y="1237" width="162" height="107"/>
</OView>
<OView class="oracle.dbtools.crest.swingui.relational.TVTable" oid="3267E1BB-965A-5CDD-3758-54D408AA2969" otype="Table" vid="2144793B-4F68-5765-B816-C5AD4DEB257B">
<hideElementsInCurrentOnly>false</hideElementsInCurrentOnly>
<bounds x="63" y="62" width="253" height="146"/>
</OView>
<OView class="oracle.dbtools.crest.swingui.relational.TVTable" oid="34807B36-2C5E-7C9D-64C5-D81D1F0414A7" otype="Table" vid="9403E9BE-9BCC-7DFB-3AE5-A055B786000F">
<hideElementsInCurrentOnly>false</hideElementsInCurrentOnly>
<bounds x="355" y="429" width="248" height="228"/>
</OView>
<OView class="oracle.dbtools.crest.swingui.relational.TVTable" oid="40C9C0FE-1E96-AEED-A787-7FAA6CBDF579" otype="Table" vid="08D36AD0-68F7-2CCF-66C2-03FADDD39272">
<hideElementsInCurrentOnly>false</hideElementsInCurrentOnly>
<bounds x="401" y="1070" width="244" height="131"/>
</OView>
<OView class="oracle.dbtools.crest.swingui.relational.TVTable" oid="4579A0FC-755C-472D-8B97-5C29264E6F38" otype="Table" vid="96BA0834-4B1B-6CE8-A0AF-0D27AD0109B2">
<hideElementsInCurrentOnly>false</hideElementsInCurrentOnly>
<bounds x="629" y="1424" width="195" height="130"/>
</OView>
<OView class="oracle.dbtools.crest.swingui.relational.TVTable" oid="4E93D6C0-3689-647F-213A-BEB765701619" otype="Table" vid="E6255A75-F8F9-543E-55DA-886E80B64556">
<hideElementsInCurrentOnly>false</hideElementsInCurrentOnly>
<bounds x="84" y="302" width="207" height="173"/>
</OView>
<OView class="oracle.dbtools.crest.swingui.relational.TVTable" oid="58A7458E-DAFA-EB52-41BA-FF82D2001FBD" otype="Table" vid="67A95598-C2A9-ED27-4C71-F4B4809083CD">
<hideElementsInCurrentOnly>false</hideElementsInCurrentOnly>
<bounds x="1046" y="809" width="244" height="155"/>
</OView>
<OView class="oracle.dbtools.crest.swingui.relational.TVTable" oid="652248A8-2AB0-6F4D-6F44-FD1CC1BBAF88" otype="Table" vid="79C290CB-96C7-5F3F-1BAA-3FD6DE4F4E70">
<hideElementsInCurrentOnly>false</hideElementsInCurrentOnly>
<bounds x="1223" y="1222" width="205" height="113"/>
</OView>
<OView class="oracle.dbtools.crest.swingui.relational.TVTable" oid="6F907F29-B082-7574-0811-4BB1C4A5DBD6" otype="Table" vid="DFE3792A-2BD5-257C-121D-3CC43E976022">
<hideElementsInCurrentOnly>false</hideElementsInCurrentOnly>
<bounds x="1534" y="65" width="165" height="103"/>
</OView>
<OView class="oracle.dbtools.crest.swingui.relational.TVTable" oid="80CDAB4D-3EE9-3AD8-CD78-E41E53A130F6" otype="Table" vid="1484213E-1E88-D74E-A794-8269C40338C5">
<hideElementsInCurrentOnly>false</hideElementsInCurrentOnly>
<bounds x="1254" y="1042" width="190" height="97"/>
</OView>
<OView class="oracle.dbtools.crest.swingui.relational.TVTable" oid="89D17418-84E7-E2CE-BFAA-F7A3C8F13F30" otype="Table" vid="FA46F6B7-5965-5638-B74D-9F17F977F38F">
<hideElementsInCurrentOnly>false</hideElementsInCurrentOnly>
<bounds x="1231" y="1435" width="206" height="123"/>
</OView>
<OView class="oracle.dbtools.crest.swingui.relational.TVTable" oid="8E557D68-46FA-8683-7B96-43922B568882" otype="Table" vid="35A00994-A250-8514-5C2B-F24A8D186C22">
<hideElementsInCurrentOnly>false</hideElementsInCurrentOnly>
<bounds x="345" y="1394" width="123" height="102"/>
</OView>
<OView class="oracle.dbtools.crest.swingui.relational.TVTable" oid="923B2FCB-2897-8209-7F31-E5BEF659662B" otype="Table" vid="58E39DDE-6790-8E8D-798F-AF1B3B59D37A">
<hideElementsInCurrentOnly>false</hideElementsInCurrentOnly>
<bounds x="943" y="1021" width="254" height="141"/>
</OView>
<OView class="oracle.dbtools.crest.swingui.relational.TVTable" oid="97C95BDC-C037-EC49-EFC5-D5B7CCC3A4B0" otype="Table" vid="5A4C0FD6-77D6-8620-DFC2-20D164151066">
<hideElementsInCurrentOnly>false</hideElementsInCurrentOnly>
<bounds x="114" y="535" width="158" height="148"/>
</OView>
<OView class="oracle.dbtools.crest.swingui.relational.TVTable" oid="A22320A4-9056-9F40-EB7F-564096E0266B" otype="Table" vid="121E6D34-6BE3-42F1-58F3-9766DFC4ACC9">
<hideElementsInCurrentOnly>false</hideElementsInCurrentOnly>
<bounds x="704" y="890" width="196" height="149"/>
</OView>
<OView class="oracle.dbtools.crest.swingui.relational.TVTable" oid="AC2E0FF2-F31B-919A-48B9-CB73BBAC8855" otype="Table" vid="3D7D3742-6320-2725-9E40-5BD9710FAC99">
<hideElementsInCurrentOnly>false</hideElementsInCurrentOnly>
<bounds x="1826" y="688" width="181" height="92"/>
</OView>
<OView class="oracle.dbtools.crest.swingui.relational.TVTable" oid="B253D050-A227-E196-BEC7-09D9A106B6B5" otype="Table" vid="5FFF3EBF-0385-C9C1-3996-1B3AF459A46A">
<hideElementsInCurrentOnly>false</hideElementsInCurrentOnly>
<bounds x="1553" y="1447" width="196" height="100"/>
</OView>
<OView class="oracle.dbtools.crest.swingui.relational.TVTable" oid="B4F70B5D-90F6-518D-CA72-73AD91D802C7" otype="Table" vid="BC3C96E5-CEB7-4081-6EBD-63F01185A871">
<hideElementsInCurrentOnly>false</hideElementsInCurrentOnly>
<bounds x="1349" y="674" width="234" height="79"/>
</OView>
<OView class="oracle.dbtools.crest.swingui.relational.TVTable" oid="B58998DB-54DE-9C77-DB3E-D82015C1466B" otype="Table" vid="D9F485AF-76E3-CE40-69E9-CC955B8EA670">
<hideElementsInCurrentOnly>false</hideElementsInCurrentOnly>
<bounds x="719" y="389" width="275" height="359"/>
</OView>
<OView class="oracle.dbtools.crest.swingui.relational.TVTable" oid="BA495A71-4E41-C39C-F443-FEC3EB09D99F" otype="Table" vid="7E238AD2-9AF5-12FC-E744-6A339C1260A5">
<hideElementsInCurrentOnly>false</hideElementsInCurrentOnly>
<bounds x="911" y="21" width="238" height="209"/>
</OView>
<OView class="oracle.dbtools.crest.swingui.relational.TVTable" oid="CF828544-0002-2EEB-1608-DCDEB64667CE" otype="Table" vid="91E0B7FB-077F-B2B9-D28C-AA9968A94FE1">
<hideElementsInCurrentOnly>false</hideElementsInCurrentOnly>
<bounds x="1484" y="1066" width="179" height="132"/>
</OView>
<OView class="oracle.dbtools.crest.swingui.relational.TVTable" oid="D8942F85-7D22-037F-6770-0E65A6EF0902" otype="Table" vid="95A6C504-1BFB-1388-3EF9-458D7E8DD16B">
<hideElementsInCurrentOnly>false</hideElementsInCurrentOnly>
<bounds x="1366" y="871" width="215" height="72"/>
</OView>
<OView class="oracle.dbtools.crest.swingui.relational.TVTable" oid="E3BBB909-F1D6-6195-D440-0C4E89CFAD50" otype="Table" vid="9067FC9F-3328-974F-3F42-7AB00F1A686D">
<hideElementsInCurrentOnly>false</hideElementsInCurrentOnly>
<bounds x="365" y="893" width="192" height="146"/>
</OView>
<OView class="oracle.dbtools.crest.swingui.relational.TVTable" oid="E9979A16-F6AF-7DCE-FD4F-BABE6BFE1904" otype="Table" vid="15B62E00-104E-C557-A975-63255A4F4BA5">
<hideElementsInCurrentOnly>false</hideElementsInCurrentOnly>
<bounds x="649" y="30" width="169" height="167"/>
</OView>
<OView class="oracle.dbtools.crest.swingui.relational.TVTable" oid="F116ABD7-249E-BA74-0CFD-4591342C5D9D" otype="Table" vid="0CD7308F-848D-E68C-4D29-37A602C1E254">
<hideElementsInCurrentOnly>false</hideElementsInCurrentOnly>
<bounds x="668" y="1151" width="230" height="194"/>
</OView>
<OView class="oracle.dbtools.crest.swingui.relational.TVTable" oid="F686B5FC-E50D-961E-0344-0983C3AF9776" otype="Table" vid="98EA9E74-B017-DCCF-8DBB-BF50B861A57B">
<hideElementsInCurrentOnly>false</hideElementsInCurrentOnly>
<bounds x="1746" y="889" width="147" height="153"/>
</OView>
<OView class="oracle.dbtools.crest.swingui.relational.TVTable" oid="F9EDF1FF-DEDB-AD43-8FD4-E029F7B61BA2" otype="Table" vid="5B325AF1-AACC-D297-5BE8-029BA345DEDB">
<hideElementsInCurrentOnly>false</hideElementsInCurrentOnly>
<bounds x="384" y="241" width="209" height="134"/>
</OView>
<OView class="oracle.dbtools.crest.swingui.relational.TVTable" oid="FB86818B-0949-9794-576B-61B35F012A5F" otype="Table" vid="2D47B31A-FB6A-BD66-0567-CF384E4D8791">
<hideElementsInCurrentOnly>false</hideElementsInCurrentOnly>
<bounds x="36" y="752" width="173" height="183"/>
</OView>
<OView class="oracle.dbtools.crest.swingui.relational.TVTable" oid="FFBBF1B8-A718-12FB-B285-03EE118FC9A0" otype="Table" vid="4FE8FECC-07A0-D51E-E212-12AA95CF1323">
<hideElementsInCurrentOnly>false</hideElementsInCurrentOnly>
<bounds x="1701" y="404" width="177" height="103"/>
</OView>
</objectViews>
<connectors>
<Connector class="oracle.dbtools.crest.swingui.relational.TVFKRelation" oid="022193EF-83A5-2C11-F960-529B676530A3" otype="FKIndexAssociation" vid_source="D9F485AF-76E3-CE40-69E9-CC955B8EA670" vid_target="8BBE36C4-BBC4-FF3B-0623-4F50310301EA">
<hideElementsInCurrentOnly>false</hideElementsInCurrentOnly>
<backgroundColor>-16777216</backgroundColor>
<lineWidth>1</lineWidth>
<points>
<point x="719" y="657"/>
<point x="237" y="982"/>
</points>
</Connector>
<Connector class="oracle.dbtools.crest.swingui.relational.TVFKRelation" oid="05D0DF3F-029B-28EA-9A5B-6F33627DD923" otype="FKIndexAssociation" vid_source="D9F485AF-76E3-CE40-69E9-CC955B8EA670" vid_target="2D47B31A-FB6A-BD66-0567-CF384E4D8791">
<hideElementsInCurrentOnly>false</hideElementsInCurrentOnly>
<backgroundColor>-16777216</backgroundColor>
<lineWidth>1</lineWidth>
<points>
<point x="719" y="620"/>
<point x="209" y="826"/>
</points>
</Connector>
<Connector class="oracle.dbtools.crest.swingui.relational.TVFKRelation" oid="07DAE297-9D46-0441-FFB0-A1A824B7A05A" otype="FKIndexAssociation" vid_source="D9F485AF-76E3-CE40-69E9-CC955B8EA670" vid_target="9067FC9F-3328-974F-3F42-7AB00F1A686D">
<hideElementsInCurrentOnly>false</hideElementsInCurrentOnly>
<backgroundColor>-16777216</backgroundColor>
<lineWidth>1</lineWidth>
<points>
<point x="719" y="706"/>
<point x="518" y="893"/>
</points>
</Connector>
<Connector class="oracle.dbtools.crest.swingui.relational.TVFKRelation" oid="0A56C78A-98C8-195C-CB80-DEA1AE1F9754" otype="FKIndexAssociation" vid_source="98EA9E74-B017-DCCF-8DBB-BF50B861A57B" vid_target="96EEAF4A-5FA9-7CFF-7F1A-A85199091604">
<hideElementsInCurrentOnly>false</hideElementsInCurrentOnly>
<backgroundColor>-16777216</backgroundColor>
<lineWidth>1</lineWidth>
<points>
<point x="1760" y="889"/>
<point x="1565" y="635"/>
</points>
</Connector>
<Connector class="oracle.dbtools.crest.swingui.relational.TVFKRelation" oid="18A0BBAC-FB37-E6B4-189D-44CE7B4BC219" otype="FKIndexAssociation" vid_source="BC3C96E5-CEB7-4081-6EBD-63F01185A871" vid_target="96EEAF4A-5FA9-7CFF-7F1A-A85199091604">
<hideElementsInCurrentOnly>false</hideElementsInCurrentOnly>
<backgroundColor>-16777216</backgroundColor>
<lineWidth>1</lineWidth>
<points>
<point x="1466" y="674"/>
<point x="1466" y="635"/>
</points>
</Connector>
<Connector class="oracle.dbtools.crest.swingui.relational.TVFKRelation" oid="18E34489-F23B-0EB7-7EF6-D12888953EC6" otype="FKIndexAssociation" vid_source="5FFF3EBF-0385-C9C1-3996-1B3AF459A46A" vid_target="FA46F6B7-5965-5638-B74D-9F17F977F38F">
<hideElementsInCurrentOnly>false</hideElementsInCurrentOnly>
<backgroundColor>-16777216</backgroundColor>
<lineWidth>1</lineWidth>
<points>
<point x="1553" y="1497"/>
<point x="1437" y="1497"/>
</points>
</Connector>
<Connector class="oracle.dbtools.crest.swingui.relational.TVFKRelation" oid="20EE9D7D-EBDA-97F1-858E-A7A40E64F211" otype="FKIndexAssociation" vid_source="79C290CB-96C7-5F3F-1BAA-3FD6DE4F4E70" vid_target="FA46F6B7-5965-5638-B74D-9F17F977F38F">
<hideElementsInCurrentOnly>false</hideElementsInCurrentOnly>
<backgroundColor>-16777216</backgroundColor>
<lineWidth>1</lineWidth>
<points>
<point x="1329" y="1335"/>
<point x="1329" y="1435"/>
</points>
</Connector>
<Connector class="oracle.dbtools.crest.swingui.relational.TVFKRelation" oid="21F345FF-CB57-B5D4-6BBA-459BCF68BF67" otype="FKIndexAssociation" vid_source="D9F485AF-76E3-CE40-69E9-CC955B8EA670" vid_target="08D36AD0-68F7-2CCF-66C2-03FADDD39272">
<hideElementsInCurrentOnly>false</hideElementsInCurrentOnly>
<backgroundColor>-16777216</backgroundColor>
<lineWidth>1</lineWidth>
<points>
<point x="750" y="748"/>
<point x="546" y="1070"/>
</points>
</Connector>
<Connector class="oracle.dbtools.crest.swingui.relational.TVFKRelation" oid="26AF61F6-87AB-72D7-CBEF-F724354D693A" otype="FKIndexAssociation" vid_source="35A00994-A250-8514-5C2B-F24A8D186C22" vid_target="ACAB8BB4-CD51-5EEB-7156-1153C340CB3D">
<hideElementsInCurrentOnly>false</hideElementsInCurrentOnly>
<backgroundColor>-16777216</backgroundColor>
<lineWidth>1</lineWidth>
<points>
<point x="406" y="1394"/>
<point x="406" y="1344"/>
</points>
</Connector>
<Connector class="oracle.dbtools.crest.swingui.relational.TVFKRelation" oid="3D1FD4FF-C94E-19C0-5114-2B53A5AC748B" otype="FKIndexAssociation" vid_source="98EA9E74-B017-DCCF-8DBB-BF50B861A57B" vid_target="D9F485AF-76E3-CE40-69E9-CC955B8EA670">
<hideElementsInCurrentOnly>false</hideElementsInCurrentOnly>
<backgroundColor>-16777216</backgroundColor>
<lineWidth>1</lineWidth>
<points>
<point x="1746" y="935"/>
<point x="994" y="625"/>
</points>
</Connector>
<Connector class="oracle.dbtools.crest.swingui.relational.TVFKRelation" oid="3DE09ECE-6256-C62E-81EF-7373C5F217C4" otype="FKIndexAssociation" vid_source="0CD7308F-848D-E68C-4D29-37A602C1E254" vid_target="35A00994-A250-8514-5C2B-F24A8D186C22">
<hideElementsInCurrentOnly>false</hideElementsInCurrentOnly>
<backgroundColor>-16777216</backgroundColor>
<lineWidth>1</lineWidth>
<points>
<point x="668" y="1308"/>
<point x="468" y="1412"/>
</points>
</Connector>
<Connector class="oracle.dbtools.crest.swingui.relational.TVFKRelation" oid="4422B4B4-3A99-E71B-224B-3F48958D88DB" otype="FKIndexAssociation" vid_source="D9F485AF-76E3-CE40-69E9-CC955B8EA670" vid_target="58E39DDE-6790-8E8D-798F-AF1B3B59D37A">
<hideElementsInCurrentOnly>false</hideElementsInCurrentOnly>
<backgroundColor>-16777216</backgroundColor>
<lineWidth>1</lineWidth>
<points>
<point x="968" y="748"/>
<point x="968" y="1021"/>
</points>
</Connector>
<Connector class="oracle.dbtools.crest.swingui.relational.TVFKRelation" oid="52E5B946-820C-2850-E2EF-B8E3A9CE7C22" otype="FKIndexAssociation" vid_source="0CD7308F-848D-E68C-4D29-37A602C1E254" vid_target="121E6D34-6BE3-42F1-58F3-9766DFC4ACC9">
<hideElementsInCurrentOnly>false</hideElementsInCurrentOnly>
<backgroundColor>-16777216</backgroundColor>
<lineWidth>1</lineWidth>
<points>
<point x="801" y="1151"/>
<point x="801" y="1039"/>
</points>
</Connector>
<Connector class="oracle.dbtools.crest.swingui.relational.TVFKRelation" oid="5C32E2DC-1B18-87E5-0E31-8E3081E18517" otype="FKIndexAssociation" vid_source="7E238AD2-9AF5-12FC-E744-6A339C1260A5" vid_target="D9F485AF-76E3-CE40-69E9-CC955B8EA670">
<hideElementsInCurrentOnly>false</hideElementsInCurrentOnly>
<backgroundColor>-16777216</backgroundColor>
<lineWidth>1</lineWidth>
<points>
<point x="967" y="230"/>
<point x="967" y="389"/>
</points>
</Connector>
<Connector class="oracle.dbtools.crest.swingui.relational.TVFKRelation" oid="5E8D4CC3-7CC7-7D16-D8DC-76C80CD951B0" otype="FKIndexAssociation" vid_source="D9F485AF-76E3-CE40-69E9-CC955B8EA670" vid_target="67A95598-C2A9-ED27-4C71-F4B4809083CD">
<hideElementsInCurrentOnly>false</hideElementsInCurrentOnly>
<backgroundColor>-16777216</backgroundColor>
<lineWidth>1</lineWidth>
<points>
<point x="994" y="708"/>
<point x="1092" y="809"/>
</points>
</Connector>
<Connector class="oracle.dbtools.crest.swingui.relational.TVFKRelation" oid="62986C64-BC51-8896-6321-FA51F6B24D8A" otype="FKIndexAssociation" vid_source="D9F485AF-76E3-CE40-69E9-CC955B8EA670" vid_target="121E6D34-6BE3-42F1-58F3-9766DFC4ACC9">
<hideElementsInCurrentOnly>false</hideElementsInCurrentOnly>
<backgroundColor>-16777216</backgroundColor>
<lineWidth>1</lineWidth>
<points>
<point x="824" y="748"/>
<point x="824" y="890"/>
</points>
</Connector>
<Connector class="oracle.dbtools.crest.swingui.relational.TVFKRelation" oid="76BF6D81-C972-2473-3DD5-A15D731ED0C3" otype="FKIndexAssociation" vid_source="4FE8FECC-07A0-D51E-E212-12AA95CF1323" vid_target="96EEAF4A-5FA9-7CFF-7F1A-A85199091604">
<hideElementsInCurrentOnly>false</hideElementsInCurrentOnly>
<backgroundColor>-16777216</backgroundColor>
<lineWidth>1</lineWidth>
<points>
<point x="1701" y="475"/>
<point x="1623" y="475"/>
</points>
</Connector>
<Connector class="oracle.dbtools.crest.swingui.relational.TVFKRelation" oid="7FADE2B5-DCE7-18C8-8CEC-AEC5E5CAD687" otype="FKIndexAssociation" vid_source="96BA0834-4B1B-6CE8-A0AF-0D27AD0109B2" vid_target="0CD7308F-848D-E68C-4D29-37A602C1E254">
<hideElementsInCurrentOnly>false</hideElementsInCurrentOnly>
<backgroundColor>-16777216</backgroundColor>
<lineWidth>1</lineWidth>
<points>
<point x="746" y="1424"/>
<point x="746" y="1345"/>
</points>
</Connector>
<Connector class="oracle.dbtools.crest.swingui.relational.TVFKRelation" oid="81AE1A89-ADA9-80FF-9D86-EAA45C887A1E" otype="FKIndexAssociation" vid_source="5A4C0FD6-77D6-8620-DFC2-20D164151066" vid_target="9403E9BE-9BCC-7DFB-3AE5-A055B786000F">
<hideElementsInCurrentOnly>false</hideElementsInCurrentOnly>
<backgroundColor>-16777216</backgroundColor>
<lineWidth>1</lineWidth>
<points>
<point x="272" y="596"/>
<point x="355" y="596"/>
</points>
</Connector>
<Connector class="oracle.dbtools.crest.swingui.relational.TVFKRelation" oid="81EB8262-21C8-9D05-FB79-3285EBD6016A" otype="FKIndexAssociation" vid_source="95A6C504-1BFB-1388-3EF9-458D7E8DD16B" vid_target="67A95598-C2A9-ED27-4C71-F4B4809083CD">
<hideElementsInCurrentOnly>false</hideElementsInCurrentOnly>
<backgroundColor>-16777216</backgroundColor>
<lineWidth>1</lineWidth>
<points>
<point x="1366" y="907"/>
<point x="1290" y="907"/>
</points>
</Connector>
<Connector class="oracle.dbtools.crest.swingui.relational.TVFKRelation" oid="8429D123-845D-2039-8DB4-3EEFE05E62DA" otype="FKIndexAssociation" vid_source="3D7D3742-6320-2725-9E40-5BD9710FAC99" vid_target="96EEAF4A-5FA9-7CFF-7F1A-A85199091604">
<hideElementsInCurrentOnly>false</hideElementsInCurrentOnly>
<backgroundColor>-16777216</backgroundColor>
<lineWidth>1</lineWidth>
<points>
<point x="1826" y="690"/>
<point x="1623" y="592"/>
</points>
</Connector>
<Connector class="oracle.dbtools.crest.swingui.relational.TVFKRelation" oid="87550D58-2039-2553-4F8D-13575A39A945" otype="FKIndexAssociation" vid_source="91E0B7FB-077F-B2B9-D28C-AA9968A94FE1" vid_target="79C290CB-96C7-5F3F-1BAA-3FD6DE4F4E70">
<hideElementsInCurrentOnly>false</hideElementsInCurrentOnly>
<backgroundColor>-16777216</backgroundColor>
<lineWidth>1</lineWidth>
<points>
<point x="1484" y="1184"/>
<point x="1391" y="1222"/>
</points>
</Connector>
<Connector class="oracle.dbtools.crest.swingui.relational.TVFKRelation" oid="8793A14A-4F92-E58D-E5AC-F202CE8D6204" otype="FKIndexAssociation" vid_source="1484213E-1E88-D74E-A794-8269C40338C5" vid_target="58E39DDE-6790-8E8D-798F-AF1B3B59D37A">
<hideElementsInCurrentOnly>false</hideElementsInCurrentOnly>
<backgroundColor>-16777216</backgroundColor>
<lineWidth>1</lineWidth>
<points>
<point x="1254" y="1090"/>
<point x="1197" y="1090"/>
</points>
</Connector>
<Connector class="oracle.dbtools.crest.swingui.relational.TVFKRelation" oid="94B203EC-B974-7B9A-759E-7360D1A2E4CE" otype="FKIndexAssociation" vid_source="D9F485AF-76E3-CE40-69E9-CC955B8EA670" vid_target="7970F4F2-16E3-7674-5561-A47BF7A9B805">
<hideElementsInCurrentOnly>false</hideElementsInCurrentOnly>
<backgroundColor>-16777216</backgroundColor>
<lineWidth>1</lineWidth>
<points>
<point x="994" y="466"/>
<point x="1220" y="284"/>
</points>
</Connector>
<Connector class="oracle.dbtools.crest.swingui.relational.TVFKRelation" oid="AEAEF828-8B08-BEE0-E160-C1A168B3EDA9" otype="FKIndexAssociation" vid_source="98EA9E74-B017-DCCF-8DBB-BF50B861A57B" vid_target="91E0B7FB-077F-B2B9-D28C-AA9968A94FE1">
<hideElementsInCurrentOnly>false</hideElementsInCurrentOnly>
<backgroundColor>-16777216</backgroundColor>
<lineWidth>1</lineWidth>
<points>
<point x="1746" y="1015"/>
<point x="1663" y="1071"/>
</points>
</Connector>
<Connector class="oracle.dbtools.crest.swingui.relational.TVFKRelation" oid="B02EB3DC-7A97-4FC6-76A2-C5DC9C0B20B1" otype="FKIndexAssociation" vid_source="DFE3792A-2BD5-257C-121D-3CC43E976022" vid_target="7970F4F2-16E3-7674-5561-A47BF7A9B805">
<hideElementsInCurrentOnly>false</hideElementsInCurrentOnly>
<backgroundColor>-16777216</backgroundColor>
<lineWidth>1</lineWidth>
<points>
<point x="1534" y="126"/>
<point x="1448" y="126"/>
</points>
</Connector>
<Connector class="oracle.dbtools.crest.swingui.relational.TVFKRelation" oid="BC0A4CAF-E518-C409-0E29-4DF49767AE90" otype="FKIndexAssociation" vid_source="2144793B-4F68-5765-B816-C5AD4DEB257B" vid_target="E6255A75-F8F9-543E-55DA-886E80B64556">
<hideElementsInCurrentOnly>false</hideElementsInCurrentOnly>
<backgroundColor>-16777216</backgroundColor>
<lineWidth>1</lineWidth>
<points>
<point x="187" y="208"/>
<point x="187" y="302"/>
</points>
</Connector>
<Connector class="oracle.dbtools.crest.swingui.relational.TVFKRelation" oid="D8A204A3-FF25-DAF2-953E-38F3AD37DDFA" otype="FKIndexAssociation" vid_source="15B62E00-104E-C557-A975-63255A4F4BA5" vid_target="D9F485AF-76E3-CE40-69E9-CC955B8EA670">
<hideElementsInCurrentOnly>false</hideElementsInCurrentOnly>
<backgroundColor>-16777216</backgroundColor>
<lineWidth>1</lineWidth>
<points>
<point x="783" y="197"/>
<point x="783" y="389"/>
</points>
</Connector>
<Connector class="oracle.dbtools.crest.swingui.relational.TVFKRelation" oid="E2E5C5BB-E791-CF25-B1DE-0F9D6CBEB105" otype="FKIndexAssociation" vid_source="79C290CB-96C7-5F3F-1BAA-3FD6DE4F4E70" vid_target="0CD7308F-848D-E68C-4D29-37A602C1E254">
<hideElementsInCurrentOnly>false</hideElementsInCurrentOnly>
<backgroundColor>-16777216</backgroundColor>
<lineWidth>1</lineWidth>
<points>
<point x="1223" y="1293"/>
<point x="898" y="1293"/>
</points>
</Connector>
<Connector class="oracle.dbtools.crest.swingui.relational.TVFKRelation" oid="EB0FF5F0-C3F8-9D38-08D5-929FA529F1CE" otype="FKIndexAssociation" vid_source="D9F485AF-76E3-CE40-69E9-CC955B8EA670" vid_target="96EEAF4A-5FA9-7CFF-7F1A-A85199091604">
<hideElementsInCurrentOnly>false</hideElementsInCurrentOnly>
<backgroundColor>-16777216</backgroundColor>
<lineWidth>1</lineWidth>
<points>
<point x="994" y="524"/>
<point x="1339" y="524"/>
</points>
</Connector>
<Connector class="oracle.dbtools.crest.swingui.relational.TVFKRelation" oid="F1360174-CE56-1549-7D98-2E8E5FD98813" otype="FKIndexAssociation" vid_source="5B325AF1-AACC-D297-5BE8-029BA345DEDB" vid_target="9403E9BE-9BCC-7DFB-3AE5-A055B786000F">
<hideElementsInCurrentOnly>false</hideElementsInCurrentOnly>
<backgroundColor>-16777216</backgroundColor>
<lineWidth>1</lineWidth>
<points>
<point x="488" y="375"/>
<point x="488" y="429"/>
</points>
</Connector>
<Connector class="oracle.dbtools.crest.swingui.relational.TVFKRelation" oid="F1A64332-1894-9889-A176-BAFCE525C90A" otype="FKIndexAssociation" vid_source="D9F485AF-76E3-CE40-69E9-CC955B8EA670" vid_target="9403E9BE-9BCC-7DFB-3AE5-A055B786000F">
<hideElementsInCurrentOnly>false</hideElementsInCurrentOnly>
<backgroundColor>-16777216</backgroundColor>
<lineWidth>1</lineWidth>
<points>
<point x="719" y="543"/>
<point x="603" y="543"/>
</points>
</Connector>
<Connector class="oracle.dbtools.crest.swingui.relational.TVFKRelation" oid="F1F120D0-A807-E9B4-AE22-7F5362601A0F" otype="FKIndexAssociation" vid_source="A53A8823-6868-F98E-AD40-3CFFD833F6BC" vid_target="5FFF3EBF-0385-C9C1-3996-1B3AF459A46A">
<hideElementsInCurrentOnly>false</hideElementsInCurrentOnly>
<backgroundColor>-16777216</backgroundColor>
<lineWidth>1</lineWidth>
<points>
<point x="1652" y="1365"/>
<point x="1652" y="1447"/>
</points>
</Connector>
<Connector class="oracle.dbtools.crest.swingui.relational.TVFKRelation" oid="F225B927-1320-1F75-4AB8-1E8BE3E36A14" otype="FKIndexAssociation" vid_source="E6255A75-F8F9-543E-55DA-886E80B64556" vid_target="5A4C0FD6-77D6-8620-DFC2-20D164151066">
<hideElementsInCurrentOnly>false</hideElementsInCurrentOnly>
<backgroundColor>-16777216</backgroundColor>
<lineWidth>1</lineWidth>
<points>
<point x="193" y="475"/>
<point x="193" y="535"/>
</points>
</Connector>
</connectors>
</Diagram>
